This is pdfTeX, Version 3.141592653-2.6-1.40.28 (MiKTeX 25.12) (preloaded format=pdflatex 2026.8.2)  2 AUG 2026 14:25
entering extended mode
 restricted \write18 enabled.
 file:line:error style messages enabled.
 %&-line parsing enabled.
**./main.tex
(main.tex
LaTeX2e <2025-11-01>
L3 programming layer <2025-12-24>
(D:\MiKTeX\tex/latex/base\report.cls
Document Class: report 2025/01/22 v1.4n Standard LaTeX document class
(D:\MiKTeX\tex/latex/base\size12.clo
File: size12.clo 2025/01/22 v1.4n Standard LaTeX file (size option)
)
\c@part=\count275
\c@chapter=\count276
\c@section=\count277
\c@subsection=\count278
\c@subsubsection=\count279
\c@paragraph=\count280
\c@subparagraph=\count281
\c@figure=\count282
\c@table=\count283
\abovecaptionskip=\skip49
\belowcaptionskip=\skip50
\bibindent=\dimen148
) (D:\MiKTeX\tex/latex/base\fontenc.sty
Package: fontenc 2025/07/18 v2.1d Standard LaTeX package

(D:\MN\langgraph-memory-ai-empire\.tex-env\miktex\install\tex/latex/vntex\t5enc
.def
File: t5enc.def 2006/11/21 v1.4 Vietnamese T5 encoding
Now handling font encoding T5 ...
... processing UTF-8 mapping file for font encoding T5

(D:\MN\langgraph-memory-ai-empire\.tex-env\miktex\install\tex/latex/vntex\t5enc
.dfu
File: t5enc.dfu 2006/08/19 v1.1 UTF8 support for Vietnamese
   defining Unicode char U+00AB (decimal 171)
   defining Unicode char U+00BB (decimal 187)
   defining Unicode char U+00C0 (decimal 192)
   defining Unicode char U+00C1 (decimal 193)
   defining Unicode char U+00C2 (decimal 194)
   defining Unicode char U+00C3 (decimal 195)
   defining Unicode char U+00C8 (decimal 200)
   defining Unicode char U+00C9 (decimal 201)
   defining Unicode char U+00CA (decimal 202)
   defining Unicode char U+00CC (decimal 204)
   defining Unicode char U+00CD (decimal 205)
   defining Unicode char U+00D2 (decimal 210)
   defining Unicode char U+00D3 (decimal 211)
   defining Unicode char U+00D4 (decimal 212)
   defining Unicode char U+00D5 (decimal 213)
   defining Unicode char U+00D9 (decimal 217)
   defining Unicode char U+00DA (decimal 218)
   defining Unicode char U+00DD (decimal 221)
   defining Unicode char U+00E0 (decimal 224)
   defining Unicode char U+00E1 (decimal 225)
   defining Unicode char U+00E2 (decimal 226)
   defining Unicode char U+00E3 (decimal 227)
   defining Unicode char U+00E8 (decimal 232)
   defining Unicode char U+00E9 (decimal 233)
   defining Unicode char U+00EA (decimal 234)
   defining Unicode char U+00EC (decimal 236)
   defining Unicode char U+00ED (decimal 237)
   defining Unicode char U+00F2 (decimal 242)
   defining Unicode char U+00F3 (decimal 243)
   defining Unicode char U+00F4 (decimal 244)
   defining Unicode char U+00F5 (decimal 245)
   defining Unicode char U+00F9 (decimal 249)
   defining Unicode char U+00FA (decimal 250)
   defining Unicode char U+00FD (decimal 253)
   defining Unicode char U+0102 (decimal 258)
   defining Unicode char U+0103 (decimal 259)
   defining Unicode char U+0110 (decimal 272)
   defining Unicode char U+0111 (decimal 273)
   defining Unicode char U+0128 (decimal 296)
   defining Unicode char U+0129 (decimal 297)
   defining Unicode char U+0131 (decimal 305)
   defining Unicode char U+0168 (decimal 360)
   defining Unicode char U+0169 (decimal 361)
   defining Unicode char U+01A0 (decimal 416)
   defining Unicode char U+01A1 (decimal 417)
   defining Unicode char U+01AF (decimal 431)
   defining Unicode char U+01B0 (decimal 432)
   defining Unicode char U+1EA0 (decimal 7840)
   defining Unicode char U+1EA1 (decimal 7841)
   defining Unicode char U+1EA2 (decimal 7842)
   defining Unicode char U+1EA3 (decimal 7843)
   defining Unicode char U+1EA4 (decimal 7844)
   defining Unicode char U+1EA5 (decimal 7845)
   defining Unicode char U+1EA6 (decimal 7846)
   defining Unicode char U+1EA7 (decimal 7847)
   defining Unicode char U+1EA8 (decimal 7848)
   defining Unicode char U+1EA9 (decimal 7849)
   defining Unicode char U+1EAA (decimal 7850)
   defining Unicode char U+1EAB (decimal 7851)
   defining Unicode char U+1EAC (decimal 7852)
   defining Unicode char U+1EAD (decimal 7853)
   defining Unicode char U+1EAE (decimal 7854)
   defining Unicode char U+1EAF (decimal 7855)
   defining Unicode char U+1EB0 (decimal 7856)
   defining Unicode char U+1EB1 (decimal 7857)
   defining Unicode char U+1EB2 (decimal 7858)
   defining Unicode char U+1EB3 (decimal 7859)
   defining Unicode char U+1EB4 (decimal 7860)
   defining Unicode char U+1EB5 (decimal 7861)
   defining Unicode char U+1EB6 (decimal 7862)
   defining Unicode char U+1EB7 (decimal 7863)
   defining Unicode char U+1EB8 (decimal 7864)
   defining Unicode char U+1EB9 (decimal 7865)
   defining Unicode char U+1EBA (decimal 7866)
   defining Unicode char U+1EBB (decimal 7867)
   defining Unicode char U+1EBC (decimal 7868)
   defining Unicode char U+1EBD (decimal 7869)
   defining Unicode char U+1EBE (decimal 7870)
   defining Unicode char U+1EBF (decimal 7871)
   defining Unicode char U+1EC0 (decimal 7872)
   defining Unicode char U+1EC1 (decimal 7873)
   defining Unicode char U+1EC2 (decimal 7874)
   defining Unicode char U+1EC3 (decimal 7875)
   defining Unicode char U+1EC4 (decimal 7876)
   defining Unicode char U+1EC5 (decimal 7877)
   defining Unicode char U+1EC6 (decimal 7878)
   defining Unicode char U+1EC7 (decimal 7879)
   defining Unicode char U+1EC8 (decimal 7880)
   defining Unicode char U+1EC9 (decimal 7881)
   defining Unicode char U+1ECA (decimal 7882)
   defining Unicode char U+1ECB (decimal 7883)
   defining Unicode char U+1ECC (decimal 7884)
   defining Unicode char U+1ECD (decimal 7885)
   defining Unicode char U+1ECE (decimal 7886)
   defining Unicode char U+1ECF (decimal 7887)
   defining Unicode char U+1ED0 (decimal 7888)
   defining Unicode char U+1ED1 (decimal 7889)
   defining Unicode char U+1ED2 (decimal 7890)
   defining Unicode char U+1ED3 (decimal 7891)
   defining Unicode char U+1ED4 (decimal 7892)
   defining Unicode char U+1ED5 (decimal 7893)
   defining Unicode char U+1ED6 (decimal 7894)
   defining Unicode char U+1ED7 (decimal 7895)
   defining Unicode char U+1ED8 (decimal 7896)
   defining Unicode char U+1ED9 (decimal 7897)
   defining Unicode char U+1EDA (decimal 7898)
   defining Unicode char U+1EDB (decimal 7899)
   defining Unicode char U+1EDC (decimal 7900)
   defining Unicode char U+1EDD (decimal 7901)
   defining Unicode char U+1EDE (decimal 7902)
   defining Unicode char U+1EDF (decimal 7903)
   defining Unicode char U+1EE0 (decimal 7904)
   defining Unicode char U+1EE1 (decimal 7905)
   defining Unicode char U+1EE2 (decimal 7906)
   defining Unicode char U+1EE3 (decimal 7907)
   defining Unicode char U+1EE4 (decimal 7908)
   defining Unicode char U+1EE5 (decimal 7909)
   defining Unicode char U+1EE6 (decimal 7910)
   defining Unicode char U+1EE7 (decimal 7911)
   defining Unicode char U+1EE8 (decimal 7912)
   defining Unicode char U+1EE9 (decimal 7913)
   defining Unicode char U+1EEA (decimal 7914)
   defining Unicode char U+1EEB (decimal 7915)
   defining Unicode char U+1EEC (decimal 7916)
   defining Unicode char U+1EED (decimal 7917)
   defining Unicode char U+1EEE (decimal 7918)
   defining Unicode char U+1EEF (decimal 7919)
   defining Unicode char U+1EF0 (decimal 7920)
   defining Unicode char U+1EF1 (decimal 7921)
   defining Unicode char U+1EF2 (decimal 7922)
   defining Unicode char U+1EF3 (decimal 7923)
   defining Unicode char U+1EF4 (decimal 7924)
   defining Unicode char U+1EF5 (decimal 7925)
   defining Unicode char U+1EF6 (decimal 7926)
   defining Unicode char U+1EF7 (decimal 7927)
   defining Unicode char U+1EF8 (decimal 7928)
   defining Unicode char U+1EF9 (decimal 7929)
   defining Unicode char U+200C (decimal 8204)
   defining Unicode char U+2013 (decimal 8211)
   defining Unicode char U+2014 (decimal 8212)
   defining Unicode char U+2018 (decimal 8216)
   defining Unicode char U+2019 (decimal 8217)
   defining Unicode char U+201A (decimal 8218)
   defining Unicode char U+201C (decimal 8220)
   defining Unicode char U+201D (decimal 8221)
   defining Unicode char U+201E (decimal 8222)
   defining Unicode char U+2030 (decimal 8240)
   defining Unicode char U+2031 (decimal 8241)
   defining Unicode char U+2039 (decimal 8249)
   defining Unicode char U+203A (decimal 8250)
   defining Unicode char U+2423 (decimal 9251)
))
LaTeX Font Info:    Trying to load font information for T5+cmr on input line 11
6.

(D:\MN\langgraph-memory-ai-empire\.tex-env\miktex\install\tex/latex/vntex\t5cmr
.fd
File: t5cmr.fd 1999/05/25 v2.5h Standard LaTeX font definitions
)) (D:\MiKTeX\tex/latex/base\inputenc.sty
Package: inputenc 2024/02/08 v1.3d Input encoding file
\inpenc@prehook=\toks17
\inpenc@posthook=\toks18
)
(D:\MiKTeX\tex/generic/babel\babel.sty
Package: babel 2025/12/11 v25.17 The multilingual framework for LuaLaTeX, pdfLa
TeX and XeLaTeX
\babel@savecnt=\count284
LaTeX Encoding Info:    Redeclaring text command \ij (encoding OT1) on input li
ne 2068.
LaTeX Encoding Info:    Redeclaring text command \IJ (encoding OT1) on input li
ne 2070.
LaTeX Encoding Info:    Redeclaring text command \ij (encoding T1) on input lin
e 2072.
LaTeX Encoding Info:    Redeclaring text command \IJ (encoding T1) on input lin
e 2073.
LaTeX Encoding Info:    Ignoring declaration for text command \ij (encoding ?) 
on input line 2074.
LaTeX Encoding Info:    Ignoring declaration for text command \IJ (encoding ?) 
on input line 2076.
LaTeX Encoding Info:    Ignoring declaration for text command \SS (encoding ?) 
on input line 2101.
\U@D=\dimen149
\l@unhyphenated=\language2

(D:\MiKTeX\tex/generic/babel\txtbabel.def)
\bbl@readstream=\read2
\bbl@dirlevel=\count285
Package babel Info: Configuration files are deprecated, as
(babel)             they can break document portability.
(babel)             Reported on input line 4196.

*************************************
* Local config file bblopts.cfg used
*
(D:\MiKTeX\tex/latex/arabi\bblopts.cfg
File: bblopts.cfg 2005/09/08 v0.1 add Arabic and Farsi to "declared" options of
 babel
)
(D:\MiKTeX\tex/generic/babel/locale/vi\babel-vietnamese.tex)
Package babel Info: Importing font and identification data for vietnamese
(babel)             from babel-vi.ini. Reported on input line 4320.

(D:\MN\langgraph-memory-ai-empire\.tex-env\miktex\install\tex/latex/babel-vietn
amese\vietnamese.ldf
Language: vietnamese 


Package babel Warning: No hyphenation patterns were preloaded for
(babel)                the language 'Vietnamese' into the format.
(babel)                Please, configure your TeX system to add them and
(babel)                rebuild the format. Now I will use the patterns
(babel)                preloaded for \language=0 instead on input line 36.

Loading definitions for the Vietnamese font encoding
(D:\MN\langgraph-memory-ai-empire\.tex-env\miktex\install\tex/latex/vntex\t5enc
.def
File: t5enc.def 2006/11/21 v1.4 Vietnamese T5 encoding
LaTeX Font Info:    Redeclaring font encoding T5 on input line 75.
LaTeX Encoding Info:    Redeclaring text command \` (encoding T5) on input line
 79.
LaTeX Encoding Info:    Redeclaring text command \' (encoding T5) on input line
 80.
LaTeX Encoding Info:    Redeclaring text command \^ (encoding T5) on input line
 81.
LaTeX Encoding Info:    Redeclaring text command \~ (encoding T5) on input line
 82.
LaTeX Encoding Info:    Redeclaring text command \" (encoding T5) on input line
 83.
LaTeX Encoding Info:    Redeclaring text command \r (encoding T5) on input line
 84.
LaTeX Encoding Info:    Redeclaring text command \v (encoding T5) on input line
 85.
LaTeX Encoding Info:    Redeclaring text command \u (encoding T5) on input line
 86.
LaTeX Encoding Info:    Redeclaring text command \= (encoding T5) on input line
 87.
LaTeX Encoding Info:    Redeclaring text command \. (encoding T5) on input line
 88.
LaTeX Encoding Info:    Redeclaring text command \b (encoding T5) on input line
 90.
LaTeX Encoding Info:    Redeclaring text command \c (encoding T5) on input line
 94.
LaTeX Encoding Info:    Redeclaring text command \d (encoding T5) on input line
 98.
LaTeX Encoding Info:    Redeclaring text command \h (encoding T5) on input line
 103.
LaTeX Encoding Info:    Redeclaring text symbol \quotesinglbase (encoding T5) o
n input line 105.
LaTeX Encoding Info:    Redeclaring text symbol \guilsinglleft (encoding T5) on
 input line 106.
LaTeX Encoding Info:    Redeclaring text symbol \guilsinglright (encoding T5) o
n input line 107.
LaTeX Encoding Info:    Redeclaring text symbol \textquotedblleft (encoding T5)
 on input line 108.
LaTeX Encoding Info:    Redeclaring text symbol \textquotedblright (encoding T5
) on input line 109.
LaTeX Encoding Info:    Redeclaring text symbol \quotedblbase (encoding T5) on 
input line 110.
LaTeX Encoding Info:    Redeclaring text symbol \guillemotleft (encoding T5) on
 input line 111.
LaTeX Encoding Info:    Redeclaring text symbol \guillemotright (encoding T5) o
n input line 112.
LaTeX Encoding Info:    Redeclaring text symbol \textendash (encoding T5) on in
put line 113.
LaTeX Encoding Info:    Redeclaring text symbol \textemdash (encoding T5) on in
put line 114.
LaTeX Encoding Info:    Redeclaring text symbol \textcompwordmark (encoding T5)
 on input line 115.
LaTeX Encoding Info:    Redeclaring text command \textperthousand (encoding T5)
 on input line 117.
LaTeX Encoding Info:    Redeclaring text command \textpertenthousand (encoding 
T5) on input line 118.
LaTeX Encoding Info:    Redeclaring text symbol \i (encoding T5) on input line 
119.
LaTeX Encoding Info:    Redeclaring text symbol \textvisiblespace (encoding T5)
 on input line 121.
LaTeX Encoding Info:    Redeclaring text symbol \textquotedbl (encoding T5) on 
input line 122.
LaTeX Encoding Info:    Redeclaring text symbol \textdollar (encoding T5) on in
put line 123.
LaTeX Encoding Info:    Redeclaring text symbol \textquoteright (encoding T5) o
n input line 124.
LaTeX Encoding Info:    Redeclaring text symbol \textless (encoding T5) on inpu
t line 125.
LaTeX Encoding Info:    Redeclaring text symbol \textgreater (encoding T5) on i
nput line 126.
LaTeX Encoding Info:    Redeclaring text symbol \textbackslash (encoding T5) on
 input line 127.
LaTeX Encoding Info:    Redeclaring text symbol \textasciicircum (encoding T5) 
on input line 128.
LaTeX Encoding Info:    Redeclaring text symbol \textunderscore (encoding T5) o
n input line 129.
LaTeX Encoding Info:    Redeclaring text symbol \textquoteleft (encoding T5) on
 input line 130.
LaTeX Encoding Info:    Redeclaring text symbol \textbraceleft (encoding T5) on
 input line 131.
LaTeX Encoding Info:    Redeclaring text symbol \textbar (encoding T5) on input
 line 132.
LaTeX Encoding Info:    Redeclaring text symbol \textbraceright (encoding T5) o
n input line 133.
LaTeX Encoding Info:    Redeclaring text symbol \textasciitilde (encoding T5) o
n input line 134.
LaTeX Encoding Info:    Redeclaring text command \horn (encoding T5) on input l
ine 137.
LaTeX Encoding Info:    Redeclaring text symbol \DJ (encoding T5) on input line
 306.
LaTeX Encoding Info:    Redeclaring text symbol \dj (encoding T5) on input line
 307.
LaTeX Encoding Info:    Redeclaring text symbol \Acircumflex (encoding T5) on i
nput line 312.
LaTeX Encoding Info:    Redeclaring text symbol \Abreve (encoding T5) on input 
line 319.
LaTeX Encoding Info:    Redeclaring text symbol \Ecircumflex (encoding T5) on i
nput line 326.
LaTeX Encoding Info:    Redeclaring text symbol \Ocircumflex (encoding T5) on i
nput line 333.
LaTeX Encoding Info:    Redeclaring text symbol \Ohorn (encoding T5) on input l
ine 340.
LaTeX Encoding Info:    Redeclaring text symbol \Uhorn (encoding T5) on input l
ine 347.
LaTeX Encoding Info:    Redeclaring text symbol \acircumflex (encoding T5) on i
nput line 354.
LaTeX Encoding Info:    Redeclaring text symbol \abreve (encoding T5) on input 
line 361.
LaTeX Encoding Info:    Redeclaring text symbol \ecircumflex (encoding T5) on i
nput line 368.
LaTeX Encoding Info:    Redeclaring text symbol \ocircumflex (encoding T5) on i
nput line 375.
LaTeX Encoding Info:    Redeclaring text symbol \ohorn (encoding T5) on input l
ine 382.
LaTeX Encoding Info:    Redeclaring text symbol \uhorn (encoding T5) on input l
ine 389.
LaTeX Encoding Info:    Redeclaring text symbol \ACIRCUMFLEX (encoding T5) on i
nput line 397.
LaTeX Encoding Info:    Redeclaring text symbol \ABREVE (encoding T5) on input 
line 404.
LaTeX Encoding Info:    Redeclaring text symbol \ECIRCUMFLEX (encoding T5) on i
nput line 411.
LaTeX Encoding Info:    Redeclaring text symbol \OCIRCUMFLEX (encoding T5) on i
nput line 418.
LaTeX Encoding Info:    Redeclaring text symbol \OHORN (encoding T5) on input l
ine 425.
LaTeX Encoding Info:    Redeclaring text symbol \UHORN (encoding T5) on input l
ine 432.
)
Package babel Info: Making " an active character on input line 147.
)) (D:\MiKTeX\tex/latex/amsmath\amsmath.sty
Package: amsmath 2025/07/09 v2.17z AMS math features
\@mathmargin=\skip51

For additional information on amsmath, use the `?' option.
(D:\MiKTeX\tex/latex/amsmath\amstext.sty
Package: amstext 2024/11/17 v2.01 AMS text

(D:\MiKTeX\tex/latex/amsmath\amsgen.sty
File: amsgen.sty 1999/11/30 v2.0 generic functions
\@emptytoks=\toks19
\ex@=\dimen150
))
(D:\MiKTeX\tex/latex/amsmath\amsbsy.sty
Package: amsbsy 1999/11/29 v1.2d Bold Symbols
\pmbraise@=\dimen151
)
(D:\MiKTeX\tex/latex/amsmath\amsopn.sty
Package: amsopn 2022/04/08 v2.04 operator names
)
\inf@bad=\count286
LaTeX Info: Redefining \frac on input line 233.
\uproot@=\count287
\leftroot@=\count288
LaTeX Info: Redefining \overline on input line 398.
LaTeX Info: Redefining \colon on input line 409.
\classnum@=\count289
\DOTSCASE@=\count290
LaTeX Info: Redefining \ldots on input line 495.
LaTeX Info: Redefining \dots on input line 498.
LaTeX Info: Redefining \cdots on input line 619.
\Mathstrutbox@=\box53
\strutbox@=\box54
LaTeX Info: Redefining \big on input line 721.
LaTeX Info: Redefining \Big on input line 722.
LaTeX Info: Redefining \bigg on input line 723.
LaTeX Info: Redefining \Bigg on input line 724.
\big@size=\dimen152
LaTeX Font Info:    Redeclaring font encoding OML on input line 742.
LaTeX Font Info:    Redeclaring font encoding OMS on input line 743.
\macc@depth=\count291
LaTeX Info: Redefining \bmod on input line 904.
LaTeX Info: Redefining \pmod on input line 909.
LaTeX Info: Redefining \smash on input line 939.
LaTeX Info: Redefining \relbar on input line 969.
LaTeX Info: Redefining \Relbar on input line 970.
\c@MaxMatrixCols=\count292
\dotsspace@=\muskip17
\c@parentequation=\count293
\dspbrk@lvl=\count294
\tag@help=\toks20
\row@=\count295
\column@=\count296
\maxfields@=\count297
\andhelp@=\toks21
\eqnshift@=\dimen153
\alignsep@=\dimen154
\tagshift@=\dimen155
\tagwidth@=\dimen156
\totwidth@=\dimen157
\lineht@=\dimen158
\@envbody=\toks22
\multlinegap=\skip52
\multlinetaggap=\skip53
\mathdisplay@stack=\toks23
LaTeX Info: Redefining \[ on input line 2950.
LaTeX Info: Redefining \] on input line 2951.
)
(D:\MiKTeX\tex/latex/amsfonts\amssymb.sty
Package: amssymb 2013/01/14 v3.01 AMS font symbols

(D:\MiKTeX\tex/latex/amsfonts\amsfonts.sty
Package: amsfonts 2013/01/14 v3.01 Basic AMSFonts support
\symAMSa=\mathgroup4
\symAMSb=\mathgroup5
LaTeX Font Info:    Redeclaring math symbol \hbar on input line 98.
LaTeX Font Info:    Overwriting math alphabet `\mathfrak' in version `bold'
(Font)                  U/euf/m/n --> U/euf/b/n on input line 106.
))
(D:\MN\langgraph-memory-ai-empire\.tex-env\miktex\install\tex/latex/mathtools\m
athtools.sty
Package: mathtools 2024/10/04 v1.31 mathematical typesetting tools
 (D:\MiKTeX\tex/latex/graphics\keyval.sty
Package: keyval 2022/05/29 v1.15 key=value parser (DPC)
\KV@toks@=\toks24
)
(D:\MiKTeX\tex/latex/tools\calc.sty
Package: calc 2025/03/01 v4.3b Infix arithmetic (KKT,FJ)
\calc@Acount=\count298
\calc@Bcount=\count299
\calc@Adimen=\dimen159
\calc@Bdimen=\dimen160
\calc@Askip=\skip54
\calc@Bskip=\skip55
LaTeX Info: Redefining \setlength on input line 86.
LaTeX Info: Redefining \addtolength on input line 87.
\calc@Ccount=\count300
\calc@Cskip=\skip56
)
(D:\MN\langgraph-memory-ai-empire\.tex-env\miktex\install\tex/latex/mathtools\m
hsetup.sty
Package: mhsetup 2021/03/18 v1.4 programming setup (MH)
)
\g_MT_multlinerow_int=\count301
\l_MT_multwidth_dim=\dimen161
\origjot=\skip57
\l_MT_shortvdotswithinadjustabove_dim=\dimen162
\l_MT_shortvdotswithinadjustbelow_dim=\dimen163
\l_MT_above_intertext_sep=\dimen164
\l_MT_below_intertext_sep=\dimen165
\l_MT_above_shortintertext_sep=\dimen166
\l_MT_below_shortintertext_sep=\dimen167
\xmathstrut@box=\box55
\xmathstrut@dim=\dimen168
) (D:\MiKTeX\tex/latex/tools\bm.sty
Package: bm 2025/10/21 v1.2g Bold Symbol Support (DPC/FMi)
\symboldoperators=\mathgroup6
\symboldletters=\mathgroup7
\symboldsymbols=\mathgroup8
Package bm Info: No bold for \OMX/cmex/m/n, using \pmb.
Package bm Info: No bold for \U/msa/m/n, using \pmb.
Package bm Info: No bold for \U/msb/m/n, using \pmb.
LaTeX Font Info:    Redeclaring math alphabet \mathbf on input line 149.
)
(D:\MiKTeX\tex/latex/graphics\graphicx.sty
Package: graphicx 2024/12/31 v1.2e Enhanced LaTeX Graphics (DPC,SPQR)

(D:\MiKTeX\tex/latex/graphics\graphics.sty
Package: graphics 2024/08/06 v1.4g Standard LaTeX Graphics (DPC,SPQR)

(D:\MiKTeX\tex/latex/graphics\trig.sty
Package: trig 2023/12/02 v1.11 sin cos tan (DPC)
)
(D:\MiKTeX\tex/latex/graphics-cfg\graphics.cfg
File: graphics.cfg 2016/06/04 v1.11 sample graphics configuration
)
Package graphics Info: Driver file: pdftex.def on input line 106.

(D:\MiKTeX\tex/latex/graphics-def\pdftex.def
File: pdftex.def 2025/09/29 v1.2d Graphics/color driver for pdftex
))
\Gin@req@height=\dimen169
\Gin@req@width=\dimen170
)
(D:\MiKTeX\tex/latex/pgf/frontendlayer\tikz.sty
(D:\MiKTeX\tex/latex/pgf/basiclayer\pgf.sty
(D:\MiKTeX\tex/latex/pgf/utilities\pgfrcs.sty
(D:\MiKTeX\tex/generic/pgf/utilities\pgfutil-common.tex
\pgfutil@everybye=\toks25
\pgfutil@tempdima=\dimen171
\pgfutil@tempdimb=\dimen172
)
(D:\MiKTeX\tex/generic/pgf/utilities\pgfutil-latex.def
\pgfutil@abb=\box56
)
(D:\MiKTeX\tex/generic/pgf/utilities\pgfrcs.code.tex
(D:\MiKTeX\tex/generic/pgf\pgf.revision.tex)
Package: pgfrcs 2025-08-29 v3.1.11a (3.1.11a)
))
Package: pgf 2025-08-29 v3.1.11a (3.1.11a)

(D:\MiKTeX\tex/latex/pgf/basiclayer\pgfcore.sty
(D:\MiKTeX\tex/latex/pgf/systemlayer\pgfsys.sty
(D:\MiKTeX\tex/generic/pgf/systemlayer\pgfsys.code.tex
Package: pgfsys 2025-08-29 v3.1.11a (3.1.11a)

(D:\MiKTeX\tex/generic/pgf/utilities\pgfkeys.code.tex
\pgfkeys@pathtoks=\toks26
\pgfkeys@temptoks=\toks27

(D:\MiKTeX\tex/generic/pgf/utilities\pgfkeyslibraryfiltered.code.tex
\pgfkeys@tmptoks=\toks28
))
\pgf@x=\dimen173
\pgf@y=\dimen174
\pgf@xa=\dimen175
\pgf@ya=\dimen176
\pgf@xb=\dimen177
\pgf@yb=\dimen178
\pgf@xc=\dimen179
\pgf@yc=\dimen180
\pgf@xd=\dimen181
\pgf@yd=\dimen182
\w@pgf@writea=\write3
\r@pgf@reada=\read3
\c@pgf@counta=\count302
\c@pgf@countb=\count303
\c@pgf@countc=\count304
\c@pgf@countd=\count305
\t@pgf@toka=\toks29
\t@pgf@tokb=\toks30
\t@pgf@tokc=\toks31
\pgf@sys@id@count=\count306

(D:\MiKTeX\tex/generic/pgf/systemlayer\pgf.cfg
File: pgf.cfg 2025-08-29 v3.1.11a (3.1.11a)
)
Driver file for pgf: pgfsys-pdftex.def

(D:\MiKTeX\tex/generic/pgf/systemlayer\pgfsys-pdftex.def
File: pgfsys-pdftex.def 2025-08-29 v3.1.11a (3.1.11a)

(D:\MiKTeX\tex/generic/pgf/systemlayer\pgfsys-common-pdf.def
File: pgfsys-common-pdf.def 2025-08-29 v3.1.11a (3.1.11a)
)))
(D:\MiKTeX\tex/generic/pgf/systemlayer\pgfsyssoftpath.code.tex
File: pgfsyssoftpath.code.tex 2025-08-29 v3.1.11a (3.1.11a)
\pgfsyssoftpath@smallbuffer@items=\count307
\pgfsyssoftpath@bigbuffer@items=\count308
)
(D:\MiKTeX\tex/generic/pgf/systemlayer\pgfsysprotocol.code.tex
File: pgfsysprotocol.code.tex 2025-08-29 v3.1.11a (3.1.11a)
))
(D:\MiKTeX\tex/latex/xcolor\xcolor.sty
Package: xcolor 2024/09/29 v3.02 LaTeX color extensions (UK)

(D:\MiKTeX\tex/latex/graphics-cfg\color.cfg
File: color.cfg 2016/01/02 v1.6 sample color configuration
)
Package xcolor Info: Driver file: pdftex.def on input line 274.

(D:\MiKTeX\tex/latex/graphics\mathcolor.ltx)
Package xcolor Info: Model `cmy' substituted by `cmy0' on input line 1349.
Package xcolor Info: Model `hsb' substituted by `rgb' on input line 1353.
Package xcolor Info: Model `RGB' extended on input line 1365.
Package xcolor Info: Model `HTML' substituted by `rgb' on input line 1367.
Package xcolor Info: Model `Hsb' substituted by `hsb' on input line 1368.
Package xcolor Info: Model `tHsb' substituted by `hsb' on input line 1369.
Package xcolor Info: Model `HSB' substituted by `hsb' on input line 1370.
Package xcolor Info: Model `Gray' substituted by `gray' on input line 1371.
Package xcolor Info: Model `wave' substituted by `hsb' on input line 1372.
)
(D:\MiKTeX\tex/generic/pgf/basiclayer\pgfcore.code.tex
Package: pgfcore 2025-08-29 v3.1.11a (3.1.11a)

(D:\MiKTeX\tex/generic/pgf/math\pgfmath.code.tex
(D:\MiKTeX\tex/generic/pgf/math\pgfmathutil.code.tex)
(D:\MiKTeX\tex/generic/pgf/math\pgfmathparser.code.tex
\pgfmath@dimen=\dimen183
\pgfmath@count=\count309
\pgfmath@box=\box57
\pgfmath@toks=\toks32
\pgfmath@stack@operand=\toks33
\pgfmath@stack@operation=\toks34
)
(D:\MiKTeX\tex/generic/pgf/math\pgfmathfunctions.code.tex)
(D:\MiKTeX\tex/generic/pgf/math\pgfmathfunctions.basic.code.tex)
(D:\MiKTeX\tex/generic/pgf/math\pgfmathfunctions.trigonometric.code.tex)
(D:\MiKTeX\tex/generic/pgf/math\pgfmathfunctions.random.code.tex)
(D:\MiKTeX\tex/generic/pgf/math\pgfmathfunctions.comparison.code.tex)
(D:\MiKTeX\tex/generic/pgf/math\pgfmathfunctions.base.code.tex)
(D:\MiKTeX\tex/generic/pgf/math\pgfmathfunctions.round.code.tex)
(D:\MiKTeX\tex/generic/pgf/math\pgfmathfunctions.misc.code.tex)
(D:\MiKTeX\tex/generic/pgf/math\pgfmathfunctions.integerarithmetics.code.tex)
(D:\MiKTeX\tex/generic/pgf/math\pgfmathcalc.code.tex)
(D:\MiKTeX\tex/generic/pgf/math\pgfmathfloat.code.tex
\c@pgfmathroundto@lastzeros=\count310
))
(D:\MiKTeX\tex/generic/pgf/math\pgfint.code.tex)
(D:\MiKTeX\tex/generic/pgf/basiclayer\pgfcorepoints.code.tex
File: pgfcorepoints.code.tex 2025-08-29 v3.1.11a (3.1.11a)
\pgf@picminx=\dimen184
\pgf@picmaxx=\dimen185
\pgf@picminy=\dimen186
\pgf@picmaxy=\dimen187
\pgf@pathminx=\dimen188
\pgf@pathmaxx=\dimen189
\pgf@pathminy=\dimen190
\pgf@pathmaxy=\dimen191
\pgf@xx=\dimen192
\pgf@xy=\dimen193
\pgf@yx=\dimen194
\pgf@yy=\dimen195
\pgf@zx=\dimen196
\pgf@zy=\dimen197
)
(D:\MiKTeX\tex/generic/pgf/basiclayer\pgfcorepathconstruct.code.tex
File: pgfcorepathconstruct.code.tex 2025-08-29 v3.1.11a (3.1.11a)
\pgf@path@lastx=\dimen198
\pgf@path@lasty=\dimen199
)
(D:\MiKTeX\tex/generic/pgf/basiclayer\pgfcorepathusage.code.tex
File: pgfcorepathusage.code.tex 2025-08-29 v3.1.11a (3.1.11a)
\pgf@shorten@end@additional=\dimen256
\pgf@shorten@start@additional=\dimen257
)
(D:\MiKTeX\tex/generic/pgf/basiclayer\pgfcorescopes.code.tex
File: pgfcorescopes.code.tex 2025-08-29 v3.1.11a (3.1.11a)
\pgfpic=\box58
\pgf@hbox=\box59
\pgf@layerbox@main=\box60
\pgf@picture@serial@count=\count311
)
(D:\MiKTeX\tex/generic/pgf/basiclayer\pgfcoregraphicstate.code.tex
File: pgfcoregraphicstate.code.tex 2025-08-29 v3.1.11a (3.1.11a)
\pgflinewidth=\dimen258
)
(D:\MiKTeX\tex/generic/pgf/basiclayer\pgfcoretransformations.code.tex
File: pgfcoretransformations.code.tex 2025-08-29 v3.1.11a (3.1.11a)
\pgf@pt@x=\dimen259
\pgf@pt@y=\dimen260
\pgf@pt@temp=\dimen261
)
(D:\MiKTeX\tex/generic/pgf/basiclayer\pgfcorequick.code.tex
File: pgfcorequick.code.tex 2025-08-29 v3.1.11a (3.1.11a)
)
(D:\MiKTeX\tex/generic/pgf/basiclayer\pgfcoreobjects.code.tex
File: pgfcoreobjects.code.tex 2025-08-29 v3.1.11a (3.1.11a)
)
(D:\MiKTeX\tex/generic/pgf/basiclayer\pgfcorepathprocessing.code.tex
File: pgfcorepathprocessing.code.tex 2025-08-29 v3.1.11a (3.1.11a)
)
(D:\MiKTeX\tex/generic/pgf/basiclayer\pgfcorearrows.code.tex
File: pgfcorearrows.code.tex 2025-08-29 v3.1.11a (3.1.11a)
\pgfarrowsep=\dimen262
)
(D:\MiKTeX\tex/generic/pgf/basiclayer\pgfcoreshade.code.tex
File: pgfcoreshade.code.tex 2025-08-29 v3.1.11a (3.1.11a)
\pgf@max=\dimen263
\pgf@sys@shading@range@num=\count312
\pgf@shadingcount=\count313
)
(D:\MiKTeX\tex/generic/pgf/basiclayer\pgfcoreimage.code.tex
File: pgfcoreimage.code.tex 2025-08-29 v3.1.11a (3.1.11a)
)
(D:\MiKTeX\tex/generic/pgf/basiclayer\pgfcoreexternal.code.tex
File: pgfcoreexternal.code.tex 2025-08-29 v3.1.11a (3.1.11a)
\pgfexternal@startupbox=\box61
)
(D:\MiKTeX\tex/generic/pgf/basiclayer\pgfcorelayers.code.tex
File: pgfcorelayers.code.tex 2025-08-29 v3.1.11a (3.1.11a)
)
(D:\MiKTeX\tex/generic/pgf/basiclayer\pgfcoretransparency.code.tex
File: pgfcoretransparency.code.tex 2025-08-29 v3.1.11a (3.1.11a)
)
(D:\MiKTeX\tex/generic/pgf/basiclayer\pgfcorepatterns.code.tex
File: pgfcorepatterns.code.tex 2025-08-29 v3.1.11a (3.1.11a)
)
(D:\MiKTeX\tex/generic/pgf/basiclayer\pgfcorerdf.code.tex
File: pgfcorerdf.code.tex 2025-08-29 v3.1.11a (3.1.11a)
)))
(D:\MiKTeX\tex/generic/pgf/modules\pgfmoduleshapes.code.tex
File: pgfmoduleshapes.code.tex 2025-08-29 v3.1.11a (3.1.11a)
\pgfnodeparttextbox=\box62
)
(D:\MiKTeX\tex/generic/pgf/modules\pgfmoduleplot.code.tex
File: pgfmoduleplot.code.tex 2025-08-29 v3.1.11a (3.1.11a)
)
(D:\MiKTeX\tex/latex/pgf/compatibility\pgfcomp-version-0-65.sty
Package: pgfcomp-version-0-65 2025-08-29 v3.1.11a (3.1.11a)
\pgf@nodesepstart=\dimen264
\pgf@nodesepend=\dimen265
)
(D:\MiKTeX\tex/latex/pgf/compatibility\pgfcomp-version-1-18.sty
Package: pgfcomp-version-1-18 2025-08-29 v3.1.11a (3.1.11a)
))
(D:\MiKTeX\tex/latex/pgf/utilities\pgffor.sty
(D:\MiKTeX\tex/latex/pgf/utilities\pgfkeys.sty
(D:\MiKTeX\tex/generic/pgf/utilities\pgfkeys.code.tex))
(D:\MiKTeX\tex/latex/pgf/math\pgfmath.sty
(D:\MiKTeX\tex/generic/pgf/math\pgfmath.code.tex))
(D:\MiKTeX\tex/generic/pgf/utilities\pgffor.code.tex
Package: pgffor 2025-08-29 v3.1.11a (3.1.11a)
\pgffor@iter=\dimen266
\pgffor@skip=\dimen267
\pgffor@stack=\toks35
\pgffor@toks=\toks36
))
(D:\MiKTeX\tex/generic/pgf/frontendlayer/tikz\tikz.code.tex
Package: tikz 2025-08-29 v3.1.11a (3.1.11a)

(D:\MiKTeX\tex/generic/pgf/libraries\pgflibraryplothandlers.code.tex
File: pgflibraryplothandlers.code.tex 2025-08-29 v3.1.11a (3.1.11a)
\pgf@plot@mark@count=\count314
\pgfplotmarksize=\dimen268
)
\tikz@lastx=\dimen269
\tikz@lasty=\dimen270
\tikz@lastxsaved=\dimen271
\tikz@lastysaved=\dimen272
\tikz@lastmovetox=\dimen273
\tikz@lastmovetoy=\dimen274
\tikzleveldistance=\dimen275
\tikzsiblingdistance=\dimen276
\tikz@figbox=\box63
\tikz@figbox@bg=\box64
\tikz@tempbox=\box65
\tikz@tempbox@bg=\box66
\tikztreelevel=\count315
\tikznumberofchildren=\count316
\tikznumberofcurrentchild=\count317
\tikz@fig@count=\count318

(D:\MiKTeX\tex/generic/pgf/modules\pgfmodulematrix.code.tex
File: pgfmodulematrix.code.tex 2025-08-29 v3.1.11a (3.1.11a)
\pgfmatrixcurrentrow=\count319
\pgfmatrixcurrentcolumn=\count320
\pgf@matrix@numberofcolumns=\count321
)
\tikz@expandcount=\count322

(D:\MiKTeX\tex/generic/pgf/frontendlayer/tikz/libraries\tikzlibrarytopaths.code
.tex
File: tikzlibrarytopaths.code.tex 2025-08-29 v3.1.11a (3.1.11a)
))) (D:\MiKTeX\tex/generic/pgf/libraries\pgflibraryarrows.meta.code.tex
File: pgflibraryarrows.meta.code.tex 2025-08-29 v3.1.11a (3.1.11a)
\pgfarrowinset=\dimen277
\pgfarrowlength=\dimen278
\pgfarrowwidth=\dimen279
\pgfarrowlinewidth=\dimen280
)
(D:\MiKTeX\tex/generic/pgf/frontendlayer/tikz/libraries\tikzlibrarycalc.code.te
x
File: tikzlibrarycalc.code.tex 2025-08-29 v3.1.11a (3.1.11a)
)
(D:\MiKTeX\tex/generic/pgf/frontendlayer/tikz/libraries\tikzlibrarypositioning.
code.tex
File: tikzlibrarypositioning.code.tex 2025-08-29 v3.1.11a (3.1.11a)
)
(D:\MiKTeX\tex/generic/pgf/frontendlayer/tikz/libraries\tikzlibraryshapes.geome
tric.code.tex
File: tikzlibraryshapes.geometric.code.tex 2025-08-29 v3.1.11a (3.1.11a)

(D:\MiKTeX\tex/generic/pgf/libraries/shapes\pgflibraryshapes.geometric.code.tex
File: pgflibraryshapes.geometric.code.tex 2025-08-29 v3.1.11a (3.1.11a)
))
(D:\MiKTeX\tex/generic/pgf/frontendlayer/tikz/libraries\tikzlibraryfit.code.tex
File: tikzlibraryfit.code.tex 2025-08-29 v3.1.11a (3.1.11a)
)
(D:\MiKTeX\tex/generic/pgf/frontendlayer/tikz/libraries\tikzlibrarybackgrounds.
code.tex
File: tikzlibrarybackgrounds.code.tex 2025-08-29 v3.1.11a (3.1.11a)
\pgf@layerbox@background=\box67
\pgf@layerboxsaved@background=\box68
)
(D:\MiKTeX\tex/generic/pgf/frontendlayer/tikz/libraries\tikzlibrarymatrix.code.
tex
File: tikzlibrarymatrix.code.tex 2025-08-29 v3.1.11a (3.1.11a)
) (D:\MiKTeX\tex/latex/tools\array.sty
Package: array 2025/09/25 v2.6n Tabular extension package (FMi)
\col@sep=\dimen281
\ar@mcellbox=\box69
\extrarowheight=\dimen282
\NC@list=\toks37
\extratabsurround=\skip58
\backup@length=\skip59
\ar@cellbox=\box70
)
(D:\MN\langgraph-memory-ai-empire\.tex-env\miktex\install\tex/latex/booktabs\bo
oktabs.sty
Package: booktabs 2020/01/12 v1.61803398 Publication quality tables
\heavyrulewidth=\dimen283
\lightrulewidth=\dimen284
\cmidrulewidth=\dimen285
\belowrulesep=\dimen286
\belowbottomsep=\dimen287
\aboverulesep=\dimen288
\abovetopsep=\dimen289
\cmidrulesep=\dimen290
\cmidrulekern=\dimen291
\defaultaddspace=\dimen292
\@cmidla=\count323
\@cmidlb=\count324
\@aboverulesep=\dimen293
\@belowrulesep=\dimen294
\@thisruleclass=\count325
\@lastruleclass=\count326
\@thisrulewidth=\dimen295
) (D:\MiKTeX\tex/latex/tools\longtable.sty
Package: longtable 2025-10-13 v4.24 Multi-page Table package (DPC)
\LTleft=\skip60
\LTright=\skip61
\LTpre=\skip62
\LTpost=\skip63
\LTchunksize=\count327
\LTcapwidth=\dimen296
\LT@head=\box71
\LT@firsthead=\box72
\LT@foot=\box73
\LT@lastfoot=\box74
\LT@gbox=\box75
\LT@cols=\count328
\LT@rows=\count329
\c@LT@tables=\count330
\c@LT@chunks=\count331
\LT@p@ftn=\toks38
)
(D:\MN\langgraph-memory-ai-empire\.tex-env\miktex\install\tex/latex/multirow\mu
ltirow.sty
Package: multirow 2024/11/12 v2.9 Span multiple rows of a table
\multirow@colwidth=\skip64
\multirow@cntb=\count332
\multirow@dima=\skip65
\bigstrutjot=\dimen297
)
(D:\MN\langgraph-memory-ai-empire\.tex-env\miktex\install\tex/latex/float\float
.sty
Package: float 2001/11/08 v1.3d Float enhancements (AL)
\c@float@type=\count333
\float@exts=\toks39
\float@box=\box76
\@float@everytoks=\toks40
\@floatcapt=\box77
)
(D:\MN\langgraph-memory-ai-empire\.tex-env\miktex\install\tex/latex/caption\cap
tion.sty
Package: caption 2023/08/05 v3.6o Customizing captions (AR)

(D:\MN\langgraph-memory-ai-empire\.tex-env\miktex\install\tex/latex/caption\cap
tion3.sty
Package: caption3 2023/07/31 v2.4d caption3 kernel (AR)
\caption@tempdima=\dimen298
\captionmargin=\dimen299
\caption@leftmargin=\dimen300
\caption@rightmargin=\dimen301
\caption@width=\dimen302
\caption@indent=\dimen303
\caption@parindent=\dimen304
\caption@hangindent=\dimen305
Package caption Info: Standard document class detected.
)
\c@caption@flags=\count334
\c@continuedfloat=\count335
Package caption Info: float package is loaded.
Package caption Info: longtable package is loaded.

(D:\MN\langgraph-memory-ai-empire\.tex-env\miktex\install\tex/latex/caption\ltc
aption.sty
Package: ltcaption 2021/01/08 v1.4c longtable captions (AR)
))
(D:\MN\langgraph-memory-ai-empire\.tex-env\miktex\install\tex/latex/needspace\n
eedspace.sty
Package: needspace 2025/03/13 v1.3e reserve vertical space
)
(D:\MN\langgraph-memory-ai-empire\.tex-env\miktex\install\tex/latex/enumitem\en
umitem.sty
Package: enumitem 2025/02/06 v3.11 Customized lists
\labelindent=\skip66
\enit@outerparindent=\dimen306
\enit@toks=\toks41
\enit@inbox=\box78
\enit@count@id=\count336
\enitdp@description=\count337
) (D:\MiKTeX\tex/latex/listings\listings.sty
\lst@mode=\count338
\lst@gtempboxa=\box79
\lst@token=\toks42
\lst@length=\count339
\lst@currlwidth=\dimen307
\lst@column=\count340
\lst@pos=\count341
\lst@lostspace=\dimen308
\lst@width=\dimen309
\lst@newlines=\count342
\lst@lineno=\count343
\lst@maxwidth=\dimen310

(D:\MiKTeX\tex/latex/listings\lstpatch.sty
File: lstpatch.sty 2025/11/14 1.11b (Carsten Heinz)
)
(D:\MiKTeX\tex/latex/listings\lstmisc.sty
File: lstmisc.sty 2025/11/14 1.11b (Carsten Heinz)
\c@lstnumber=\count344
\lst@skipnumbers=\count345
\lst@framebox=\box80
)
(D:\MiKTeX\tex/latex/listings\listings.cfg
File: listings.cfg 2025/11/14 1.11b listings configuration
))
Package: listings 2025/11/14 1.11b (Carsten Heinz)

==> First Aid for listings.sty no longer applied!
    Expected:
        2024/09/23 1.10c (Carsten Heinz)
    but found:
        2025/11/14 1.11b (Carsten Heinz)
    so I'm assuming it got fixed.

(D:\MN\langgraph-memory-ai-empire\.tex-env\miktex\install\tex/latex/listingsutf
8\listingsutf8.sty
Package: listingsutf8 2019-12-10 v1.5 Allow UTF-8 in listings input (HO)
 (D:\MiKTeX\tex/generic/pdftexcmds\pdftexcmds.sty
Package: pdftexcmds 2020-06-27 v0.33 Utility functions of pdfTeX for LuaTeX (HO
)

(D:\MN\langgraph-memory-ai-empire\.tex-env\miktex\install\tex/generic/infwarerr
\infwarerr.sty
Package: infwarerr 2019/12/03 v1.5 Providing info/warning/error messages (HO)
) (D:\MiKTeX\tex/generic/iftex\iftex.sty
Package: iftex 2024/12/12 v1.0g TeX engine tests
)
(D:\MN\langgraph-memory-ai-empire\.tex-env\miktex\install\tex/generic/ltxcmds\l
txcmds.sty
Package: ltxcmds 2023-12-04 v1.26 LaTeX kernel commands for general use (HO)
)
Package pdftexcmds Info: \pdf@primitive is available.
Package pdftexcmds Info: \pdf@ifprimitive is available.
Package pdftexcmds Info: \pdfdraftmode found.
)
(D:\MN\langgraph-memory-ai-empire\.tex-env\miktex\install\tex/generic/stringenc
\stringenc.sty
Package: stringenc 2019/11/29 v1.12 Convert strings between diff. encodings (HO
)

(D:\MN\langgraph-memory-ai-empire\.tex-env\miktex\install\tex/generic/pdfescape
\pdfescape.sty
Package: pdfescape 2019/12/09 v1.15 Implements pdfTeX's escape features (HO)
))) (D:\MiKTeX\tex/latex/tcolorbox\tcolorbox.sty
Package: tcolorbox 2025/11/28 version 6.9.0 text color boxes

(D:\MiKTeX\tex/latex/tools\verbatim.sty
Package: verbatim 2024-01-22 v1.5x LaTeX2e package for verbatim enhancements
\every@verbatim=\toks43
\verbatim@line=\toks44
\verbatim@in@stream=\read4
)
(D:\MiKTeX\tex/latex/environ\environ.sty
Package: environ 2014/05/04 v0.3 A new way to define environments

(D:\MiKTeX\tex/latex/trimspaces\trimspaces.sty
Package: trimspaces 2009/09/17 v1.1 Trim spaces around a token list
))
(D:\MiKTeX\tex/latex/etoolbox\etoolbox.sty
Package: etoolbox 2025/10/02 v2.5m e-TeX tools for LaTeX (JAW)
\etb@tempcnta=\count346
)
\tcb@titlebox=\box81
\tcb@upperbox=\box82
\tcb@lowerbox=\box83
\tcb@phantombox=\box84
\c@tcbbreakpart=\count347
\c@tcblayer=\count348
\c@tcolorbox@number=\count349
\l__tcobox_tmpa_box=\box85
\l__tcobox_tmpa_dim=\dimen311
\tcb@temp=\box86
\tcb@temp=\box87
\tcb@temp=\box88
\tcb@temp=\box89

(D:\MiKTeX\tex/latex/tcolorbox\tcbraster.code.tex
Library (tcolorbox): 'tcbraster.code.tex' version '6.9.0'
\c@tcbrastercolumn=\count350
\c@tcbrasterrow=\count351
\c@tcbrasternum=\count352
\c@tcbraster=\count353
) (D:\MiKTeX\tex/latex/tcolorbox\tcbskins.code.tex
Library (tcolorbox): 'tcbskins.code.tex' version '6.9.0'

(D:\MN\langgraph-memory-ai-empire\.tex-env\miktex\install\tex/latex/tikzfill\ti
kzfill.image.sty
Package: tikzfill.image 2026/04/23 v1.2.0 Image filling library for TikZ

(D:\MN\langgraph-memory-ai-empire\.tex-env\miktex\install\tex/latex/tikzfill\ti
kzlibraryfill.image.code.tex
File: tikzlibraryfill.image.code.tex 2026/04/23 v1.2.0 Image filling library
\l__tikzfill_tmpa_dim=\dimen312
\l__tikzfill_tmpb_dim=\dimen313
\l__tikzfill_img_box=\box90
))
(D:\MiKTeX\tex/latex/tcolorbox\tcbskinsjigsaw.code.tex
Library (tcolorbox): 'tcbskinsjigsaw.code.tex' version '6.9.0'
)) (D:\MiKTeX\tex/latex/tcolorbox\tcbbreakable.code.tex
Library (tcolorbox): 'tcbbreakable.code.tex' version '6.9.0'

(D:\MN\langgraph-memory-ai-empire\.tex-env\miktex\install\tex/latex/pdfcol\pdfc
ol.sty
Package: pdfcol 2022-09-21 v1.7 Handle new color stacks for pdfTeX (HO)
)
Package pdfcol Info: New color stack `tcb@breakable' = 1 on input line 23.
\tcb@testbox=\box91
\tcb@totalupperbox=\box92
\tcb@totallowerbox=\box93
) (D:\MiKTeX\tex/latex/tcolorbox\tcbhooks.code.tex
Library (tcolorbox): 'tcbhooks.code.tex' version '6.9.0'
) (D:\MiKTeX\tex/latex/tcolorbox\tcbtheorems.code.tex
Library (tcolorbox): 'tcbtheorems.code.tex' version '6.9.0'
) (D:\MiKTeX\tex/latex/tcolorbox\tcbfitting.code.tex
Library (tcolorbox): 'tcbfitting.code.tex' version '6.9.0'
\tcbfitdim=\dimen314
\tcb@lowerfitdim=\dimen315
\tcb@upperfitdim=\dimen316
\tcb@cur@hbadness=\count354
) (D:\MiKTeX\tex/latex/tcolorbox\tcblistingsutf8.code.tex
Library (tcolorbox): 'tcblistingsutf8.code.tex' version '6.9.0'
(D:\MiKTeX\tex/latex/tcolorbox\tcblistings.code.tex
Library (tcolorbox): 'tcblistings.code.tex' version '6.9.0'
(D:\MiKTeX\tex/latex/tcolorbox\tcblistingscore.code.tex
Library (tcolorbox): 'tcblistingscore.code.tex' version '6.9.0'
(D:\MiKTeX\tex/latex/tcolorbox\tcbprocessing.code.tex
Library (tcolorbox): 'tcbprocessing.code.tex' version '6.9.0'
)
\c@tcblisting=\count355
))) (D:\MiKTeX\tex/latex/tcolorbox\tcbexternal.code.tex
Library (tcolorbox): 'tcbexternal.code.tex' version '6.9.0'
) (D:\MiKTeX\tex/latex/tcolorbox\tcbmagazine.code.tex
Library (tcolorbox): 'tcbmagazine.code.tex' version '6.9.0'
) (D:\MiKTeX\tex/latex/tcolorbox\tcbvignette.code.tex
Library (tcolorbox): 'tcbvignette.code.tex' version '6.9.0'

(D:\MiKTeX\tex/generic/pgf/frontendlayer/tikz/libraries\tikzlibraryfadings.code
.tex
File: tikzlibraryfadings.code.tex 2025-08-29 v3.1.11a (3.1.11a)
 (D:\MiKTeX\tex/generic/pgf/libraries\pgflibraryfadings.code.tex
File: pgflibraryfadings.code.tex 2025-08-29 v3.1.11a (3.1.11a)
)))
(D:\MiKTeX\tex/latex/tcolorbox\tcbposter.code.tex
Library (tcolorbox): 'tcbposter.code.tex' version '6.9.0'
))
(D:\MN\langgraph-memory-ai-empire\.tex-env\miktex\install\tex/latex/microtype\m
icrotype.sty
Package: microtype 2026/03/01 v3.2d Micro-typographical refinements (RS)
\MT@toks=\toks45
\MT@tempbox=\box94
\MT@count=\count356
LaTeX Info: Redefining \noprotrusionifhmode on input line 1084.
LaTeX Info: Redefining \leftprotrusion on input line 1085.
\MT@prot@toks=\toks46
LaTeX Info: Redefining \rightprotrusion on input line 1104.
LaTeX Info: Redefining \textls on input line 1449.
\MT@outer@kern=\dimen317
LaTeX Info: Redefining \microtypecontext on input line 2053.
LaTeX Info: Redefining \textmicrotypecontext on input line 2070.
\MT@listname@count=\count357

(D:\MN\langgraph-memory-ai-empire\.tex-env\miktex\install\tex/latex/microtype\m
icrotype-pdftex.def
File: microtype-pdftex.def 2026/03/01 v3.2d Definitions specific to pdftex (RS)

LaTeX Info: Redefining \lsstyle on input line 944.
LaTeX Info: Redefining \lslig on input line 944.
\MT@outer@space=\skip67
)
Package microtype Info: Loading configuration file microtype.cfg.

(D:\MN\langgraph-memory-ai-empire\.tex-env\miktex\install\tex/latex/microtype\m
icrotype.cfg
File: microtype.cfg 2026/03/01 v3.2d microtype main configuration file (RS)
)
LaTeX Info: Redefining \microtypesetup on input line 3065.
)
(D:\MN\langgraph-memory-ai-empire\.tex-env\miktex\install\tex/latex/csquotes\cs
quotes.sty
Package: csquotes 2026-05-19 v5.2p context-sensitive quotations (JAW)
\csq@reset=\count358
\csq@gtype=\count359
\csq@glevel=\count360
\csq@qlevel=\count361
\csq@maxlvl=\count362
\csq@tshold=\count363
\csq@ltx@everypar=\toks47

(D:\MN\langgraph-memory-ai-empire\.tex-env\miktex\install\tex/latex/csquotes\cs
quotes.def
File: csquotes.def 2026-05-19 v5.2p csquotes generic definitions (JAW)
)
Package csquotes Info: Trying to load configuration file 'csquotes.cfg'...
Package csquotes Info: ... configuration file loaded successfully.

(D:\MN\langgraph-memory-ai-empire\.tex-env\miktex\install\tex/latex/csquotes\cs
quotes.cfg
File: csquotes.cfg 
)) (D:\MiKTeX\tex/latex/biblatex\biblatex.sty
Package: biblatex 2025/07/10 v3.21 programmable bibliographies (PK/MW)

(D:\MN\langgraph-memory-ai-empire\.tex-env\miktex\install\tex/latex/kvoptions\k
voptions.sty
Package: kvoptions 2022-06-15 v3.15 Key value format for package options (HO)

(D:\MN\langgraph-memory-ai-empire\.tex-env\miktex\install\tex/latex/kvsetkeys\k
vsetkeys.sty
Package: kvsetkeys 2022-10-05 v1.19 Key value parser (HO)
))
(D:\MN\langgraph-memory-ai-empire\.tex-env\miktex\install\tex/latex/logreq\logr
eq.sty
Package: logreq 2010/08/04 v1.0 xml request logger
\lrq@indent=\count364

(D:\MN\langgraph-memory-ai-empire\.tex-env\miktex\install\tex/latex/logreq\logr
eq.def
File: logreq.def 2010/08/04 v1.0 logreq spec v1.0
)) (D:\MiKTeX\tex/latex/base\ifthen.sty
Package: ifthen 2024/03/16 v1.1e Standard LaTeX ifthen package (DPC)
) (D:\MiKTeX\tex/latex/url\url.sty
\Urlmuskip=\muskip18
Package: url 2013/09/16  ver 3.4  Verb mode for urls, etc.
)
\c@tabx@nest=\count365
\c@listtotal=\count366
\c@listcount=\count367
\c@liststart=\count368
\c@liststop=\count369
\c@citecount=\count370
\c@citetotal=\count371
\c@multicitecount=\count372
\c@multicitetotal=\count373
\c@instcount=\count374
\c@maxnames=\count375
\c@minnames=\count376
\c@maxitems=\count377
\c@minitems=\count378
\c@citecounter=\count379
\c@maxcitecounter=\count380
\c@savedcitecounter=\count381
\c@uniquelist=\count382
\c@uniquename=\count383
\c@refsection=\count384
\c@refsegment=\count385
\c@maxextratitle=\count386
\c@maxextratitleyear=\count387
\c@maxextraname=\count388
\c@maxextradate=\count389
\c@maxextraalpha=\count390
\c@abbrvpenalty=\count391
\c@highnamepenalty=\count392
\c@lownamepenalty=\count393
\c@maxparens=\count394
\c@parenlevel=\count395
\blx@tempcnta=\count396
\blx@tempcntb=\count397
\blx@tempcntc=\count398
\c@blx@maxsection=\count399
\blx@maxsegment@0=\count400
\blx@notetype=\count401
\blx@parenlevel@text=\count402
\blx@parenlevel@foot=\count403
\blx@sectionciteorder@0=\count404
\blx@sectionciteorderinternal@0=\count405
\blx@entrysetcounter=\count406
\blx@biblioinstance=\count407
\labelnumberwidth=\skip68
\labelalphawidth=\skip69
\biblabelsep=\skip70
\bibitemsep=\skip71
\bibnamesep=\skip72
\bibinitsep=\skip73
\bibparsep=\skip74
\bibhang=\skip75
\blx@bcfin=\read5
\blx@bcfout=\write4
\blx@langwohyphens=\language3
\c@mincomprange=\count408
\c@maxcomprange=\count409
\c@mincompwidth=\count410
Package biblatex Info: Trying to load biblatex default data model...
Package biblatex Info: ... file 'blx-dm.def' found.
 (D:\MiKTeX\tex/latex/biblatex\blx-dm.def
File: blx-dm.def 2025/07/10 v3.21 biblatex datamodel (PK/MW)
)
Package biblatex Info: Trying to load biblatex style data model...
Package biblatex Info: ... file 'authoryear-comp.dbx' not found.
Package biblatex Info: Trying to load biblatex custom data model...
Package biblatex Info: ... file 'biblatex-dm.cfg' not found.
\c@afterword=\count411
\c@savedafterword=\count412
\c@annotator=\count413
\c@savedannotator=\count414
\c@author=\count415
\c@savedauthor=\count416
\c@bookauthor=\count417
\c@savedbookauthor=\count418
\c@commentator=\count419
\c@savedcommentator=\count420
\c@editor=\count421
\c@savededitor=\count422
\c@editora=\count423
\c@savededitora=\count424
\c@editorb=\count425
\c@savededitorb=\count426
\c@editorc=\count427
\c@savededitorc=\count428
\c@foreword=\count429
\c@savedforeword=\count430
\c@holder=\count431
\c@savedholder=\count432
\c@introduction=\count433
\c@savedintroduction=\count434
\c@namea=\count435
\c@savednamea=\count436
\c@nameb=\count437
\c@savednameb=\count438
\c@namec=\count439
\c@savednamec=\count440
\c@translator=\count441
\c@savedtranslator=\count442
\c@shortauthor=\count443
\c@savedshortauthor=\count444
\c@shorteditor=\count445
\c@savedshorteditor=\count446
\c@labelname=\count447
\c@savedlabelname=\count448
\c@institution=\count449
\c@savedinstitution=\count450
\c@lista=\count451
\c@savedlista=\count452
\c@listb=\count453
\c@savedlistb=\count454
\c@listc=\count455
\c@savedlistc=\count456
\c@listd=\count457
\c@savedlistd=\count458
\c@liste=\count459
\c@savedliste=\count460
\c@listf=\count461
\c@savedlistf=\count462
\c@location=\count463
\c@savedlocation=\count464
\c@organization=\count465
\c@savedorganization=\count466
\c@origlocation=\count467
\c@savedoriglocation=\count468
\c@origpublisher=\count469
\c@savedorigpublisher=\count470
\c@publisher=\count471
\c@savedpublisher=\count472
\c@language=\count473
\c@savedlanguage=\count474
\c@origlanguage=\count475
\c@savedoriglanguage=\count476
\c@pageref=\count477
\c@savedpageref=\count478
\shorthandwidth=\skip76
\shortjournalwidth=\skip77
\shortserieswidth=\skip78
\shorttitlewidth=\skip79
\shortauthorwidth=\skip80
\shorteditorwidth=\skip81
\locallabelnumberwidth=\skip82
\locallabelalphawidth=\skip83
\localshorthandwidth=\skip84
\localshortjournalwidth=\skip85
\localshortserieswidth=\skip86
\localshorttitlewidth=\skip87
\localshortauthorwidth=\skip88
\localshorteditorwidth=\skip89
Package biblatex Info: Trying to load compatibility code...
Package biblatex Info: ... file 'blx-compat.def' found.

(D:\MiKTeX\tex/latex/biblatex\blx-compat.def
File: blx-compat.def 2025/07/10 v3.21 biblatex compatibility (PK/MW)
)
Package biblatex Info: Trying to load generic definitions...
Package biblatex Info: ... file 'biblatex.def' found.

(D:\MiKTeX\tex/latex/biblatex\biblatex.def
File: biblatex.def 2025/07/10 v3.21 biblatex compatibility (PK/MW)
\c@textcitecount=\count479
\c@textcitetotal=\count480
\c@textcitemaxnames=\count481
\c@biburlbigbreakpenalty=\count482
\c@biburlbreakpenalty=\count483
\c@biburlnumpenalty=\count484
\c@biburlucpenalty=\count485
\c@biburllcpenalty=\count486
\biburlbigskip=\muskip19
\biburlnumskip=\muskip20
\biburlucskip=\muskip21
\biburllcskip=\muskip22
\c@smartand=\count487
)
Package biblatex Info: Trying to load bibliography style 'authoryear-comp'...
Package biblatex Info: ... file 'authoryear-comp.bbx' found.

(D:\MiKTeX\tex/latex/biblatex/bbx\authoryear-comp.bbx
File: authoryear-comp.bbx 2025/07/10 v3.21 biblatex bibliography style (PK/MW)
Package biblatex Info: Trying to load bibliography style 'authoryear'...
Package biblatex Info: ... file 'authoryear.bbx' found.

(D:\MiKTeX\tex/latex/biblatex/bbx\authoryear.bbx
File: authoryear.bbx 2025/07/10 v3.21 biblatex bibliography style (PK/MW)
Package biblatex Info: Trying to load bibliography style 'standard'...
Package biblatex Info: ... file 'standard.bbx' found.

(D:\MiKTeX\tex/latex/biblatex/bbx\standard.bbx
File: standard.bbx 2025/07/10 v3.21 biblatex bibliography style (PK/MW)
\c@bbx:relatedcount=\count488
\c@bbx:relatedtotal=\count489
)))
Package biblatex Info: Trying to load citation style 'authoryear-comp'...
Package biblatex Info: ... file 'authoryear-comp.cbx' found.

(D:\MiKTeX\tex/latex/biblatex/cbx\authoryear-comp.cbx
File: authoryear-comp.cbx 2025/07/10 v3.21 biblatex citation style (PK/MW)
Package biblatex Info: Redefining '\cite'.
Package biblatex Info: Redefining '\parencite'.
Package biblatex Info: Redefining '\footcite'.
Package biblatex Info: Redefining '\footcitetext'.
Package biblatex Info: Redefining '\smartcite'.
Package biblatex Info: Redefining '\textcite'.
Package biblatex Info: Redefining '\textcites'.
Package biblatex Info: Redefining '\cites'.
Package biblatex Info: Redefining '\parencites'.
Package biblatex Info: Redefining '\footcites'.
Package biblatex Info: Redefining '\footcitetexts'.
Package biblatex Info: Redefining '\smartcites'.
)
Package biblatex Info: Trying to load configuration file...
Package biblatex Info: ... file 'biblatex.cfg' found.

(D:\MiKTeX\tex/latex/biblatex\biblatex.cfg
File: biblatex.cfg 
)
Package biblatex Info: Input encoding 'utf8' detected.
Package biblatex Info: Document encoding is UTF8 ....

(D:\MiKTeX\tex/latex/l3kernel\expl3.sty
Package: expl3 2025-12-24 L3 programming layer (loader) 

(D:\MiKTeX\tex/latex/l3backend\l3backend-pdftex.def
File: l3backend-pdftex.def 2025-10-09 L3 backend support: PDF output (pdfTeX)
\l__color_backend_stack_int=\count490
))
Package biblatex Info: ... and expl3
(biblatex)             2025-12-24 L3 programming layer (loader) 
(biblatex)             is new enough (at least 2020/04/06),
(biblatex)             setting 'casechanger=expl3'.

(D:\MiKTeX\tex/latex/biblatex\blx-case-expl3.sty
(D:\MiKTeX\tex/latex/l3packages/xparse\xparse.sty
Package: xparse 2025-10-09 L3 Experimental document command parser
)
Package: blx-case-expl3 2025/07/10 v3.21 expl3 case changing code for biblatex
))
(D:\MN\langgraph-memory-ai-empire\.tex-env\miktex\install\tex/latex/geometry\ge
ometry.sty
Package: geometry 2026/03/07 v6.0 Page Geometry
 (D:\MiKTeX\tex/generic/iftex\ifvtex.sty
Package: ifvtex 2019/10/25 v1.7 ifvtex legacy package. Use iftex instead.
)
\Gm@cnth=\count491
\Gm@cntv=\count492
\c@Gm@tempcnt=\count493
\Gm@bindingoffset=\dimen318
\Gm@wd@mp=\dimen319
\Gm@odd@mp=\dimen320
\Gm@even@mp=\dimen321
\Gm@layoutwidth=\dimen322
\Gm@layoutheight=\dimen323
\Gm@layouthoffset=\dimen324
\Gm@layoutvoffset=\dimen325
\Gm@dimlist=\toks48

(D:\MN\langgraph-memory-ai-empire\.tex-env\miktex\install\tex/latex/geometry\ge
ometry.cfg)) (D:\MiKTeX\tex/latex/hyperref\hyperref.sty
Package: hyperref 2025-07-12 v7.01o Hypertext links for LaTeX

(D:\MN\langgraph-memory-ai-empire\.tex-env\miktex\install\tex/generic/kvdefinek
eys\kvdefinekeys.sty
Package: kvdefinekeys 2019-12-19 v1.6 Define keys (HO)
)
(D:\MN\langgraph-memory-ai-empire\.tex-env\miktex\install\tex/latex/hycolor\hyc
olor.sty
Package: hycolor 2020-01-27 v1.10 Color options for hyperref/bookmark (HO)
) (D:\MiKTeX\tex/latex/hyperref\nameref.sty
Package: nameref 2025-06-21 v2.57 Cross-referencing by name of section

(D:\MN\langgraph-memory-ai-empire\.tex-env\miktex\install\tex/latex/refcount\re
fcount.sty
Package: refcount 2019/12/15 v3.6 Data extraction from label references (HO)
)
(D:\MN\langgraph-memory-ai-empire\.tex-env\miktex\install\tex/generic/gettitles
tring\gettitlestring.sty
Package: gettitlestring 2019/12/15 v1.6 Cleanup title references (HO)
)
\c@section@level=\count494
)
\@linkdim=\dimen326
\Hy@linkcounter=\count495
\Hy@pagecounter=\count496
 (D:\MiKTeX\tex/latex/hyperref\pd1enc.def
File: pd1enc.def 2025-07-12 v7.01o Hyperref: PDFDocEncoding definition (HO)
Now handling font encoding PD1 ...
... no UTF-8 mapping file for font encoding PD1
)
(D:\MN\langgraph-memory-ai-empire\.tex-env\miktex\install\tex/generic/intcalc\i
ntcalc.sty
Package: intcalc 2019/12/15 v1.3 Expandable calculations with integers (HO)
)
\Hy@SavedSpaceFactor=\count497
 (D:\MiKTeX\tex/latex/hyperref\puenc.def
File: puenc.def 2025-07-12 v7.01o Hyperref: PDF Unicode definition (HO)
Now handling font encoding PU ...
... no UTF-8 mapping file for font encoding PU
)
Package hyperref Info: Option `colorlinks' set `true' on input line 4066.
Package hyperref Info: Hyper figures OFF on input line 4195.
Package hyperref Info: Link nesting OFF on input line 4200.
Package hyperref Info: Hyper index ON on input line 4203.
Package hyperref Info: Plain pages OFF on input line 4210.
Package hyperref Info: Backreferencing OFF on input line 4215.
Package hyperref Info: Implicit mode ON; LaTeX internals redefined.
Package hyperref Info: Bookmarks ON on input line 4462.
\c@Hy@tempcnt=\count498
LaTeX Info: Redefining \url on input line 4801.
\XeTeXLinkMargin=\dimen327

(D:\MN\langgraph-memory-ai-empire\.tex-env\miktex\install\tex/generic/bitset\bi
tset.sty
Package: bitset 2019/12/09 v1.3 Handle bit-vector datatype (HO)

(D:\MN\langgraph-memory-ai-empire\.tex-env\miktex\install\tex/generic/bigintcal
c\bigintcalc.sty
Package: bigintcalc 2019/12/15 v1.5 Expandable calculations on big integers (HO
)
))
\Fld@menulength=\count499
\Field@Width=\dimen328
\Fld@charsize=\dimen329
Package hyperref Info: Hyper figures OFF on input line 6078.
Package hyperref Info: Link nesting OFF on input line 6083.
Package hyperref Info: Hyper index ON on input line 6086.
Package hyperref Info: backreferencing OFF on input line 6093.
Package hyperref Info: Link coloring ON on input line 6096.
Package hyperref Info: Link coloring with OCG OFF on input line 6103.
Package hyperref Info: PDF/A mode OFF on input line 6108.
\Hy@abspage=\count500
\c@Item=\count501
\c@Hfootnote=\count502
)
Package hyperref Info: Driver (autodetected): hpdftex.
 (D:\MiKTeX\tex/latex/hyperref\hpdftex.def
File: hpdftex.def 2025-07-12 v7.01o Hyperref driver for pdfTeX
\Fld@listcount=\count503
\c@bookmark@seq@number=\count504

(D:\MN\langgraph-memory-ai-empire\.tex-env\miktex\install\tex/latex/rerunfilech
eck\rerunfilecheck.sty
Package: rerunfilecheck 2025-06-21 v1.11 Rerun checks for auxiliary files (HO)

(D:\MN\langgraph-memory-ai-empire\.tex-env\miktex\install\tex/generic/uniquecou
nter\uniquecounter.sty
Package: uniquecounter 2019/12/15 v1.4 Provide unlimited unique counter (HO)
)
Package uniquecounter Info: New unique counter `rerunfilecheck' on input line 2
84.
)
\Hy@SectionHShift=\skip90
)
(D:\MN\langgraph-memory-ai-empire\.tex-env\miktex\install\tex/latex/cleveref\cl
everef.sty
Package: cleveref 2018/03/27 v0.21.4 Intelligent cross-referencing
Package cleveref Info: `hyperref' support loaded on input line 2370.
LaTeX Info: Redefining \cref on input line 2370.
LaTeX Info: Redefining \Cref on input line 2370.
LaTeX Info: Redefining \crefrange on input line 2370.
LaTeX Info: Redefining \Crefrange on input line 2370.
LaTeX Info: Redefining \cpageref on input line 2370.
LaTeX Info: Redefining \Cpageref on input line 2370.
LaTeX Info: Redefining \cpagerefrange on input line 2370.
LaTeX Info: Redefining \Cpagerefrange on input line 2370.
LaTeX Info: Redefining \labelcref on input line 2370.
LaTeX Info: Redefining \labelcpageref on input line 2370.
Package cleveref Info: `listings' support loaded on input line 3131.
Package cleveref Info: include cross-reference names in hyperlinks on input lin
e 7836.
Package cleveref Info: include cross-reference names in hyperlinks on input lin
e 7852.
Package cleveref Info: no abbreviation of names on input line 7852.
)
==> First Aid for cleveref.sty applied!
(ai_empire_style.tex
(D:\MN\langgraph-memory-ai-empire\.tex-env\miktex\install\tex/latex/eso-pic\eso
-pic.sty
Package: eso-pic 2026/05/31 v3.0e eso-pic (RN)
\ESO@tempdima=\dimen330
\ESO@tempdimb=\dimen331
)
(D:\MN\langgraph-memory-ai-empire\.tex-env\miktex\install\tex/latex/fancyhdr\fa
ncyhdr.sty
Package: fancyhdr 2025/02/07 v5.2 Extensive control of page headers and footers

\f@nch@headwidth=\skip91
\f@nch@offset@elh=\skip92
\f@nch@offset@erh=\skip93
\f@nch@offset@olh=\skip94
\f@nch@offset@orh=\skip95
\f@nch@offset@elf=\skip96
\f@nch@offset@erf=\skip97
\f@nch@offset@olf=\skip98
\f@nch@offset@orf=\skip99
\f@nch@height=\skip100
\f@nch@footalignment=\skip101
\f@nch@widthL=\skip102
\f@nch@widthC=\skip103
\f@nch@widthR=\skip104
\@temptokenb=\toks49
)
(D:\MN\langgraph-memory-ai-empire\.tex-env\miktex\install\tex/latex/titlesec\ti
tlesec.sty
Package: titlesec 2025/01/04 v2.17 Sectioning titles
\ttl@box=\box95
\beforetitleunit=\skip105
\aftertitleunit=\skip106
\ttl@plus=\dimen332
\ttl@minus=\dimen333
\ttl@toksa=\toks50
\titlewidth=\dimen334
\titlewidthlast=\dimen335
\titlewidthfirst=\dimen336
)
(D:\MN\langgraph-memory-ai-empire\.tex-env\miktex\install\tex/latex/tocloft\toc
loft.sty
Package: tocloft 2017/08/31 v2.3i parameterised ToC, etc., typesetting
Package tocloft Info: The document has chapter divisions on input line 51.
\cftparskip=\skip107
\cftbeforetoctitleskip=\skip108
\cftaftertoctitleskip=\skip109
\cftbeforepartskip=\skip110
\cftpartnumwidth=\skip111
\cftpartindent=\skip112
\cftbeforechapskip=\skip113
\cftchapindent=\skip114
\cftchapnumwidth=\skip115
\cftbeforesecskip=\skip116
\cftsecindent=\skip117
\cftsecnumwidth=\skip118
\cftbeforesubsecskip=\skip119
\cftsubsecindent=\skip120
\cftsubsecnumwidth=\skip121
\cftbeforesubsubsecskip=\skip122
\cftsubsubsecindent=\skip123
\cftsubsubsecnumwidth=\skip124
\cftbeforeparaskip=\skip125
\cftparaindent=\skip126
\cftparanumwidth=\skip127
\cftbeforesubparaskip=\skip128
\cftsubparaindent=\skip129
\cftsubparanumwidth=\skip130
\cftbeforeloftitleskip=\skip131
\cftafterloftitleskip=\skip132
\cftbeforefigskip=\skip133
\cftfigindent=\skip134
\cftfignumwidth=\skip135
\c@lofdepth=\count505
\c@lotdepth=\count506
\cftbeforelottitleskip=\skip136
\cftafterlottitleskip=\skip137
\cftbeforetabskip=\skip138
\cfttabindent=\skip139
\cfttabnumwidth=\skip140
) (D:\MiKTeX\tex/latex/listings\lstlang1.sty
File: lstlang1.sty 2025/11/14 1.11b listings language file
))
Package csquotes Info: Checking for multilingual support...
Package csquotes Info: ... found 'babel' package.
Package csquotes Info: Adjusting default style.
Package csquotes Info: Redefining alias 'default' -> 'vietnamese'.

(D:\MN\langgraph-memory-ai-empire\build\main.aux
Package babel Info: 'vietnamese' activates 'vietnamese' shorthands.
(babel)             Reported on input line 10.
)
\openout1 = `main.aux'.

LaTeX Font Info:    Checking defaults for OML/cmm/m/it on input line 51.
LaTeX Font Info:    ... okay on input line 51.
LaTeX Font Info:    Checking defaults for OMS/cmsy/m/n on input line 51.
LaTeX Font Info:    ... okay on input line 51.
LaTeX Font Info:    Checking defaults for OT1/cmr/m/n on input line 51.
LaTeX Font Info:    ... okay on input line 51.
LaTeX Font Info:    Checking defaults for T1/cmr/m/n on input line 51.
LaTeX Font Info:    ... okay on input line 51.
LaTeX Font Info:    Checking defaults for TS1/cmr/m/n on input line 51.
LaTeX Font Info:    ... okay on input line 51.
LaTeX Font Info:    Checking defaults for OMX/cmex/m/n on input line 51.
LaTeX Font Info:    ... okay on input line 51.
LaTeX Font Info:    Checking defaults for U/cmr/m/n on input line 51.
LaTeX Font Info:    ... okay on input line 51.
LaTeX Font Info:    Checking defaults for T5/cmr/m/n on input line 51.
LaTeX Font Info:    ... okay on input line 51.
LaTeX Font Info:    Checking defaults for PD1/pdf/m/n on input line 51.
LaTeX Font Info:    ... okay on input line 51.
LaTeX Font Info:    Checking defaults for PU/pdf/m/n on input line 51.
LaTeX Font Info:    ... okay on input line 51.

(D:\MiKTeX\tex/context/base/mkii\supp-pdf.mkii
[Loading MPS to PDF converter (version 2006.09.02).]
\scratchcounter=\count507
\scratchdimen=\dimen337
\scratchbox=\box96
\nofMPsegments=\count508
\nofMParguments=\count509
\everyMPshowfont=\toks51
\MPscratchCnt=\count510
\MPscratchDim=\dimen338
\MPnumerator=\count511
\makeMPintoPDFobject=\count512
\everyMPtoPDFconversion=\toks52
) (D:\MiKTeX\tex/latex/epstopdf-pkg\epstopdf-base.sty
Package: epstopdf-base 2020-01-24 v2.11 Base part for package epstopdf
Package epstopdf-base Info: Redefining graphics rule for `.eps' on input line 4
85.

(D:\MiKTeX\tex/latex/00miktex\epstopdf-sys.cfg
File: epstopdf-sys.cfg 2021/03/18 v2.0 Configuration of epstopdf for MiKTeX
))
Package caption Info: Begin \AtBeginDocument code.
Package caption Info: hyperref package is loaded.
Package caption Info: listings package is loaded.
Package caption Info: End \AtBeginDocument code.
\c@lstlisting=\count513
LaTeX Info: Redefining \microtypecontext on input line 51.
Package microtype Info: Applying patch `item' on input line 51.
Package microtype Info: Applying patch `toc' on input line 51.
Package microtype Info: Applying patch `eqnum' on input line 51.
Package microtype Info: Applying patch `footnote' on input line 51.
Package microtype Info: Applying patch `verbatim' on input line 51.
LaTeX Info: Redefining \microtypesetup on input line 51.
Package microtype Info: Generating PDF output.
Package microtype Info: Character protrusion enabled (level 2).
Package microtype Info: Using default protrusion set `alltext'.
Package microtype Info: Automatic font expansion enabled (level 2),
(microtype)             stretch: 20, shrink: 20, step: 1, non-selected.
Package microtype Info: Using default expansion set `alltext-nott'.
Package microtype Info: Patching command `\showhyphens'.
Package microtype Info: No adjustment of tracking.
Package microtype Info: No adjustment of interword spacing.
Package microtype Info: No adjustment of character kerning.

(D:\MN\langgraph-memory-ai-empire\.tex-env\miktex\install\tex/latex/microtype\m
t-cmr.cfg
File: mt-cmr.cfg 2013/05/19 v2.2 microtype config. file: Computer Modern Roman 
(RS)
)
Package biblatex Info: Trying to load language 'vietnamese'...
Package biblatex Info: ... file 'vietnamese.lbx' found.
 (vietnamese.lbx
File: vietnamese.lbx 2026/07/24 v1.0 Vietnamese localization for AI Empire bibl
iography
Package biblatex Info: Trying to load language 'english'...
Package biblatex Info: ... file 'english.lbx' found.
 (D:\MiKTeX\tex/latex/biblatex/lbx\english.lbx
File: english.lbx 2025/07/10 v3.21 biblatex localization (PK/MW)
)
Package biblatex Info: Trying to load language 'english'...
Package biblatex Info: ... file 'english.lbx' found.

(D:\MiKTeX\tex/latex/biblatex/lbx\english.lbx
File: english.lbx 2025/07/10 v3.21 biblatex localization (PK/MW)
))
Package biblatex Info: Input encoding 'utf8' detected.
Package biblatex Info: Automatic encoding selection.
(biblatex)             Assuming data encoding 'utf8'.
\openout4 = `main.bcf'.

Package biblatex Info: Trying to load bibliographic data...
Package biblatex Info: ... file 'main.bbl' found.

(D:\MN\langgraph-memory-ai-empire\build\main.bbl)
Package biblatex Info: Reference section=0 on input line 51.
Package biblatex Info: Reference segment=0 on input line 51.

*geometry* driver: auto-detecting
*geometry* detected driver: pdftex
*geometry* verbose mode - [ preamble ] result:
* driver: pdftex
* paper: a4paper
* layout: <same size as paper>
* layoutoffset:(h,v)=(0.0pt,0.0pt)
* modes: 
* h-part:(L,W,R)=(72.55461pt, 452.39865pt, 72.55461pt)
* v-part:(T,H,B)=(86.78099pt, 654.41348pt, 103.85237pt)
* \paperwidth=597.50787pt
* \paperheight=845.04684pt
* \textwidth=452.39865pt
* \textheight=654.41348pt
* \oddsidemargin=0.28462pt
* \evensidemargin=0.28462pt
* \topmargin=-22.489pt
* \headheight=48.0pt
* \headsep=25.0pt
* \topskip=12.0pt
* \footskip=30.0pt
* \marginparwidth=35.0pt
* \marginparsep=10.0pt
* \columnsep=10.0pt
* \skip\footins=10.8pt plus 4.0pt minus 2.0pt
* \hoffset=0.0pt
* \voffset=0.0pt
* \mag=1000
* \@twocolumnfalse
* \@twosidefalse
* \@mparswitchfalse
* \@reversemarginfalse
* (1in=72.27pt=25.4mm, 1cm=28.453pt)

Package hyperref Info: Link coloring ON on input line 51.
(D:\MN\langgraph-memory-ai-empire\build\main.out)
(D:\MN\langgraph-memory-ai-empire\build\main.out)
\@outlinefile=\write5
\openout5 = `main.out'.

Package hyperref Info: Option `pageanchor' set `false' on input line 52.
<figures/ai-empire-logo-photoroom.png, id=390, 1258.7025pt x 1258.7025pt>
File: figures/ai-empire-logo-photoroom.png Graphic file (type png)
<use figures/ai-empire-logo-photoroom.png>
Package pdftex.def Info: figures/ai-empire-logo-photoroom.png  used on input li
ne 53.
(pdftex.def)             Requested size: 147.95424pt x 147.94557pt.
LaTeX Font Info:    Trying to load font information for U+msa on input line 53.


(D:\MiKTeX\tex/latex/amsfonts\umsa.fd
File: umsa.fd 2013/01/14 v3.01 AMS symbols A
)
(D:\MN\langgraph-memory-ai-empire\.tex-env\miktex\install\tex/latex/microtype\m
t-msa.cfg
File: mt-msa.cfg 2006/02/04 v1.1 microtype config. file: AMS symbols (a) (RS)
)
LaTeX Font Info:    Trying to load font information for U+msb on input line 53.

 (D:\MiKTeX\tex/latex/amsfonts\umsb.fd
File: umsb.fd 2013/01/14 v3.01 AMS symbols B
)
(D:\MN\langgraph-memory-ai-empire\.tex-env\miktex\install\tex/latex/microtype\m
t-msb.cfg
File: mt-msb.cfg 2005/06/01 v1.0 microtype config. file: AMS symbols (b) (RS)
) [1{D:/MN/langgraph-memory-ai-empire/.tex-env/miktex/data/fonts/map/pdftex/pdf
tex.map}

 <./figures/ai-empire-logo-photoroom.png>]
Package hyperref Info: Option `pageanchor' set `true' on input line 54.

(D:\MN\langgraph-memory-ai-empire\build\main.toc
LaTeX Font Info:    Trying to load font information for T5+cmtt on input line 1
5.

(D:\MN\langgraph-memory-ai-empire\.tex-env\miktex\install\tex/latex/vntex\t5cmt
t.fd
File: t5cmtt.fd 1999/05/25 v2.5h Standard LaTeX font definitions
)

Package microtype Warning: I cannot find a protrusion list for font
(microtype)                `T5/cmtt/m/n/12'. Switching off
(microtype)                protrusion for this font on input line 15.

File: figures/ai-empire-logo-photoroom.png Graphic file (type png)
<use figures/ai-empire-logo-photoroom.png>
Package pdftex.def Info: figures/ai-empire-logo-photoroom.png  used on input li
ne 33.
(pdftex.def)             Requested size: 41.25641pt x 41.25497pt.
[2]
File: figures/ai-empire-logo-photoroom.png Graphic file (type png)
<use figures/ai-empire-logo-photoroom.png>
Package pdftex.def Info: figures/ai-empire-logo-photoroom.png  used on input li
ne 73.
(pdftex.def)             Requested size: 41.25641pt x 41.25497pt.
 [3])
\tf@toc=\write6
\openout6 = `main.toc'.

File: figures/ai-empire-logo-photoroom.png Graphic file (type png)
<use figures/ai-empire-logo-photoroom.png>
Package pdftex.def Info: figures/ai-empire-logo-photoroom.png  used on input li
ne 58.
(pdftex.def)             Requested size: 41.25641pt x 41.25497pt.
 [4] (D:\MN\langgraph-memory-ai-empire\build\main.lof)
\tf@lof=\write7
\openout7 = `main.lof'.

File: figures/ai-empire-logo-photoroom.png Graphic file (type png)
<use figures/ai-empire-logo-photoroom.png>
Package pdftex.def Info: figures/ai-empire-logo-photoroom.png  used on input li
ne 60.
(pdftex.def)             Requested size: 41.25641pt x 41.25497pt.
 [5

]
(D:\MN\langgraph-memory-ai-empire\build\main.lot)
\tf@lot=\write8
\openout8 = `main.lot'.

File: figures/ai-empire-logo-photoroom.png Graphic file (type png)
<use figures/ai-empire-logo-photoroom.png>
Package pdftex.def Info: figures/ai-empire-logo-photoroom.png  used on input li
ne 62.
(pdftex.def)             Requested size: 41.25641pt x 41.25497pt.
 [6

] (sections/loi_mo_dau.tex

Package csquotes Warning: No space factor codes for 'T5' encoding.
(csquotes)                Punctuation tracker may fail on input line 35.

File: figures/ai-empire-logo-photoroom.png Graphic file (type png)
<use figures/ai-empire-logo-photoroom.png>
Package pdftex.def Info: figures/ai-empire-logo-photoroom.png  used on input li
ne 42.
(pdftex.def)             Requested size: 41.25641pt x 41.25497pt.
[7


]) (sections/huong_dan_hoc.tex
File: figures/ai-empire-logo-photoroom.png Graphic file (type png)
<use figures/ai-empire-logo-photoroom.png>
Package pdftex.def Info: figures/ai-empire-logo-photoroom.png  used on input li
ne 1.
(pdftex.def)             Requested size: 41.25641pt x 41.25497pt.
 [8]
Underfull \hbox (badness 10000) in paragraph at lines 22--22
[]|\T5/cmr/m/n/12 (+20) Checkpointer, thread,
 []


Underfull \hbox (badness 10000) in paragraph at lines 24--24
[]|\T5/cmr/m/n/12 (+20) Compact his-
 []


Underfull \hbox (badness 1122) in paragraph at lines 24--25
[]|\T5/cmr/m/n/12 (+20) Summary giú quy¸t ^^_ành,
 []


Underfull \hbox (badness 10000) in paragraph at lines 27--27
[]|\T5/cmr/m/n/12 (+20) Conversation
 []


Underfull \hbox (badness 10000) in paragraph at lines 28--29
[]|\T5/cmr/m/n/12 (+20) Test own-er-ship v  test
 []

File: figures/ai-empire-logo-photoroom.png Graphic file (type png)
<use figures/ai-empire-logo-photoroom.png>
Package pdftex.def Info: figures/ai-empire-logo-photoroom.png  used on input li
ne 42.
(pdftex.def)             Requested size: 41.25641pt x 41.25497pt.
[9

])
File: figures/ai-empire-logo-photoroom.png Graphic file (type png)
<use figures/ai-empire-logo-photoroom.png>
Package pdftex.def Info: figures/ai-empire-logo-photoroom.png  used on input li
ne 65.
(pdftex.def)             Requested size: 41.25641pt x 41.25497pt.
 [10] (sections/chuong01_model_khong_tu_nho.tex
Ch\uhorn \ohorn ng 1.

Underfull \hbox (badness 10000) in paragraph at lines 41--42
\T5/cmtt/m/n/12 st.session_state.messages
 []


Underfull \hbox (badness 1009) in paragraph at lines 42--43
\T5/cmr/m/n/12 (+20) goDB ho°c c¡c check-point cõa
 []

[1


]
Package hyperref Info: bookmark level for unknown lstlisting defaults to 0 on i
nput line 59.


Package microtype Warning: I cannot find a protrusion list for font
(microtype)                `T5/cmtt/m/n/8'. Switching off
(microtype)                protrusion for this font on input line 59.

Package csquotes Info: Input encoding change on input line 59.
(D:\MiKTeX\tex/latex/base\latin1.def
File: latin1.def 2024/02/08 v1.3d Input encoding file
LaTeX Encoding Info:    Ignoring declaration for text command \textdegree (enco
ding ?) on input line 47.
LaTeX Encoding Info:    Ignoring declaration for text command \textonehalf (enc
oding ?) on input line 48.
LaTeX Encoding Info:    Ignoring declaration for text command \textonequarter (
encoding ?) on input line 49.
LaTeX Encoding Info:    Ignoring declaration for text command \textthreequarter
s (encoding ?) on input line 50.
LaTeX Encoding Info:    Ignoring declaration for text command \textcent (encodi
ng ?) on input line 51.
LaTeX Encoding Info:    Ignoring declaration for text command \textyen (encodin
g ?) on input line 53.
LaTeX Encoding Info:    Ignoring declaration for text command \textcurrency (en
coding ?) on input line 55.
LaTeX Encoding Info:    Ignoring declaration for text command \textbrokenbar (e
ncoding ?) on input line 57.
)
(D:\MN\langgraph-memory-ai-empire\.tex-env\miktex\install\tex/generic/stringenc
\se-utf8.def
File: se-utf8.def 2019/11/29 v1.12 stringenc: UTF-8
)
(D:\MN\langgraph-memory-ai-empire\.tex-env\miktex\install\tex/generic/stringenc
\se-iso-8859-1.def
File: se-iso-8859-1.def 2019/11/29 v1.12 stringenc: ISO-8859-1
)
LaTeX Font Info:    Font shape `T5/cmtt/bx/n' in size <8> not available
(Font)              Font shape `T5/cmtt/m/n' tried instead on input line 3.


Package microtype Warning: I cannot find a protrusion list for font
(microtype)                `T5/cmtt/m/n/8'. Switching off
(microtype)                protrusion for this font on input line 3.

File: figures/ai-empire-logo-photoroom.png Graphic file (type png)
<use figures/ai-empire-logo-photoroom.png>
Package pdftex.def Info: figures/ai-empire-logo-photoroom.png  used on input li
ne 23.
(pdftex.def)             Requested size: 41.25641pt x 41.25497pt.
LaTeX Font Info:    Font shape `T5/cmtt/bx/n' in size <10.95> not available
(Font)              Font shape `T5/cmtt/m/n' tried instead on input line 23.

Package microtype Warning: I cannot find a protrusion list for font
(microtype)                `T5/cmtt/m/n/10.95'. Switching off
(microtype)                protrusion for this font on input line 23.

[2]
LaTeX Font Info:    Font shape `T5/cmtt/bx/n' in size <12> not available
(Font)              Font shape `T5/cmtt/m/n' tried instead on input line 64.


Package microtype Warning: I cannot find a protrusion list for font
(microtype)                `T5/cmtt/m/n/12'. Switching off
(microtype)                protrusion for this font on input line 64.


Overfull \hbox (22.14554pt too wide) in paragraph at lines 73--74
[]\T5/cmr/m/n/12 (-20) ^^^÷a tin nh­n mîi cõa ng÷íi dòng v o làch sû l÷u trú: \
T5/cmtt/m/n/12 self.messages.append(...)\T5/cmr/m/n/12 (-20) . 
 []


Underfull \hbox (badness 1831) in paragraph at lines 80--81
[]\T5/cmr/m/n/12 (+20) N¸u t¤o hai ^^_èi t÷ñng ^^_ëc lªp \T5/cmtt/m/n/12 chat1 
= ManualConversation() \T5/cmr/m/n/12 (+20) v  \T5/cmtt/m/n/12 chat2
 []


Underfull \hbox (badness 10000) in paragraph at lines 80--81
\T5/cmtt/m/n/12 = ManualConversation()\T5/cmr/m/n/12 (+20) , sau ^^_â gåi \T5/c
mtt/m/n/12 chat1.ask("Tæi t¶n Nhªt.") \T5/cmr/m/n/12 (+20) v 
 []


Underfull \hbox (badness 1210) in paragraph at lines 80--81
\T5/cmtt/m/n/12 chat2.ask("Tæi t¶n g¼?")\T5/cmr/m/n/12 (+20) , k¸t qu£ cõa c¥u 
gåi thù hai ch­c ch­n s³ l 
 []

File: figures/ai-empire-logo-photoroom.png Graphic file (type png)
<use figures/ai-empire-logo-photoroom.png>
Package pdftex.def Info: figures/ai-empire-logo-photoroom.png  used on input li
ne 81.
(pdftex.def)             Requested size: 41.25641pt x 41.25497pt.
[3]) (sections/chuong02_nen_tang_langgraph.tex
File: figures/ai-empire-logo-photoroom.png Graphic file (type png)
<use figures/ai-empire-logo-photoroom.png>
Package pdftex.def Info: figures/ai-empire-logo-photoroom.png  used on input li
ne 1.
(pdftex.def)             Requested size: 41.25641pt x 41.25497pt.
 [4]
Ch\uhorn \ohorn ng 2.

Package csquotes Warning: No space factor codes for 'T5' encoding.
(csquotes)                Punctuation tracker may fail on input line 4.

File: figures/ai-empire-logo-photoroom.png Graphic file (type png)
<use figures/ai-empire-logo-photoroom.png>
Package pdftex.def Info: figures/ai-empire-logo-photoroom.png  used on input li
ne 25.
(pdftex.def)             Requested size: 41.25641pt x 41.25497pt.
[5

]
Package csquotes Info: Input encoding change on input line 60.
 (D:\MiKTeX\tex/latex/base\latin1.def
File: latin1.def 2024/02/08 v1.3d Input encoding file
LaTeX Encoding Info:    Ignoring declaration for text command \textdegree (enco
ding ?) on input line 47.
LaTeX Encoding Info:    Ignoring declaration for text command \textonehalf (enc
oding ?) on input line 48.
LaTeX Encoding Info:    Ignoring declaration for text command \textonequarter (
encoding ?) on input line 49.
LaTeX Encoding Info:    Ignoring declaration for text command \textthreequarter
s (encoding ?) on input line 50.
LaTeX Encoding Info:    Ignoring declaration for text command \textcent (encodi
ng ?) on input line 51.
LaTeX Encoding Info:    Ignoring declaration for text command \textyen (encodin
g ?) on input line 53.
LaTeX Encoding Info:    Ignoring declaration for text command \textcurrency (en
coding ?) on input line 55.
LaTeX Encoding Info:    Ignoring declaration for text command \textbrokenbar (e
ncoding ?) on input line 57.
)
File: figures/ai-empire-logo-photoroom.png Graphic file (type png)
<use figures/ai-empire-logo-photoroom.png>
Package pdftex.def Info: figures/ai-empire-logo-photoroom.png  used on input li
ne 18.
(pdftex.def)             Requested size: 41.25641pt x 41.25497pt.
 [6]
LaTeX Font Info:    Font shape `T5/cmtt/bx/n' in size <14.4> not available
(Font)              Font shape `T5/cmtt/m/n' tried instead on input line 63.


Package microtype Warning: I cannot find a protrusion list for font
(microtype)                `T5/cmtt/m/n/14.4'. Switching off
(microtype)                protrusion for this font on input line 63.

File: figures/ai-empire-logo-photoroom.png Graphic file (type png)
<use figures/ai-empire-logo-photoroom.png>
Package pdftex.def Info: figures/ai-empire-logo-photoroom.png  used on input li
ne 86.
(pdftex.def)             Requested size: 41.25641pt x 41.25497pt.
[7]) (sections/chuong03_short_term_memory.tex
File: figures/ai-empire-logo-photoroom.png Graphic file (type png)
<use figures/ai-empire-logo-photoroom.png>
Package pdftex.def Info: figures/ai-empire-logo-photoroom.png  used on input li
ne 1.
(pdftex.def)             Requested size: 41.25641pt x 41.25497pt.
 [8]
Ch\uhorn \ohorn ng 3.

Package csquotes Warning: No space factor codes for 'T5' encoding.
(csquotes)                Punctuation tracker may fail on input line 4.

Package csquotes Info: Input encoding change on input line 29.
(D:\MiKTeX\tex/latex/base\latin1.def
File: latin1.def 2024/02/08 v1.3d Input encoding file
LaTeX Encoding Info:    Ignoring declaration for text command \textdegree (enco
ding ?) on input line 47.
LaTeX Encoding Info:    Ignoring declaration for text command \textonehalf (enc
oding ?) on input line 48.
LaTeX Encoding Info:    Ignoring declaration for text command \textonequarter (
encoding ?) on input line 49.
LaTeX Encoding Info:    Ignoring declaration for text command \textthreequarter
s (encoding ?) on input line 50.
LaTeX Encoding Info:    Ignoring declaration for text command \textcent (encodi
ng ?) on input line 51.
LaTeX Encoding Info:    Ignoring declaration for text command \textyen (encodin
g ?) on input line 53.
LaTeX Encoding Info:    Ignoring declaration for text command \textcurrency (en
coding ?) on input line 55.
LaTeX Encoding Info:    Ignoring declaration for text command \textbrokenbar (e
ncoding ?) on input line 57.
)
File: figures/ai-empire-logo-photoroom.png Graphic file (type png)
<use figures/ai-empire-logo-photoroom.png>
Package pdftex.def Info: figures/ai-empire-logo-photoroom.png  used on input li
ne 10.
(pdftex.def)             Requested size: 41.25641pt x 41.25497pt.
 [9

]
File: figures/ai-empire-logo-photoroom.png Graphic file (type png)
<use figures/ai-empire-logo-photoroom.png>
Package pdftex.def Info: figures/ai-empire-logo-photoroom.png  used on input li
ne 35.
(pdftex.def)             Requested size: 41.25641pt x 41.25497pt.
 [10]
File: figures/ai-empire-logo-photoroom.png Graphic file (type png)
<use figures/ai-empire-logo-photoroom.png>
Package pdftex.def Info: figures/ai-empire-logo-photoroom.png  used on input li
ne 74.
(pdftex.def)             Requested size: 41.25641pt x 41.25497pt.
 [11]
File: figures/ai-empire-logo-photoroom.png Graphic file (type png)
<use figures/ai-empire-logo-photoroom.png>
Package pdftex.def Info: figures/ai-empire-logo-photoroom.png  used on input li
ne 101.
(pdftex.def)             Requested size: 41.25641pt x 41.25497pt.
 [12])
(sections/chuong04_quan_ly_context_dai.tex
File: figures/ai-empire-logo-photoroom.png Graphic file (type png)
<use figures/ai-empire-logo-photoroom.png>
Package pdftex.def Info: figures/ai-empire-logo-photoroom.png  used on input li
ne 1.
(pdftex.def)             Requested size: 41.25641pt x 41.25497pt.
 [13]
Ch\uhorn \ohorn ng 4.

Package csquotes Warning: No space factor codes for 'T5' encoding.
(csquotes)                Punctuation tracker may fail on input line 15.

File: figures/ai-empire-logo-photoroom.png Graphic file (type png)
<use figures/ai-empire-logo-photoroom.png>
Package pdftex.def Info: figures/ai-empire-logo-photoroom.png  used on input li
ne 24.
(pdftex.def)             Requested size: 41.25641pt x 41.25497pt.
[14

]
Package csquotes Info: Input encoding change on input line 26.
 (D:\MiKTeX\tex/latex/base\latin1.def
File: latin1.def 2024/02/08 v1.3d Input encoding file
LaTeX Encoding Info:    Ignoring declaration for text command \textdegree (enco
ding ?) on input line 47.
LaTeX Encoding Info:    Ignoring declaration for text command \textonehalf (enc
oding ?) on input line 48.
LaTeX Encoding Info:    Ignoring declaration for text command \textonequarter (
encoding ?) on input line 49.
LaTeX Encoding Info:    Ignoring declaration for text command \textthreequarter
s (encoding ?) on input line 50.
LaTeX Encoding Info:    Ignoring declaration for text command \textcent (encodi
ng ?) on input line 51.
LaTeX Encoding Info:    Ignoring declaration for text command \textyen (encodin
g ?) on input line 53.
LaTeX Encoding Info:    Ignoring declaration for text command \textcurrency (en
coding ?) on input line 55.
LaTeX Encoding Info:    Ignoring declaration for text command \textbrokenbar (e
ncoding ?) on input line 57.
)
File: figures/ai-empire-logo-photoroom.png Graphic file (type png)
<use figures/ai-empire-logo-photoroom.png>
Package pdftex.def Info: figures/ai-empire-logo-photoroom.png  used on input li
ne 36.
(pdftex.def)             Requested size: 41.25641pt x 41.25497pt.
 [15]
Overfull \hbox (47.69229pt too wide) in paragraph at lines 73--85
 [][] 
 []

File: figures/ai-empire-logo-photoroom.png Graphic file (type png)
<use figures/ai-empire-logo-photoroom.png>
Package pdftex.def Info: figures/ai-empire-logo-photoroom.png  used on input li
ne 86.
(pdftex.def)             Requested size: 41.25641pt x 41.25497pt.
[16]) (sections/chuong05_tom_tat_hoi_thoai.tex
File: figures/ai-empire-logo-photoroom.png Graphic file (type png)
<use figures/ai-empire-logo-photoroom.png>
Package pdftex.def Info: figures/ai-empire-logo-photoroom.png  used on input li
ne 1.
(pdftex.def)             Requested size: 41.25641pt x 41.25497pt.
 [17]
Ch\uhorn \ohorn ng 5.

Package csquotes Warning: No space factor codes for 'T5' encoding.
(csquotes)                Punctuation tracker may fail on input line 6.

File: figures/ai-empire-logo-photoroom.png Graphic file (type png)
<use figures/ai-empire-logo-photoroom.png>
Package pdftex.def Info: figures/ai-empire-logo-photoroom.png  used on input li
ne 45.
(pdftex.def)             Requested size: 41.25641pt x 41.25497pt.
[18

]
File: figures/ai-empire-logo-photoroom.png Graphic file (type png)
<use figures/ai-empire-logo-photoroom.png>
Package pdftex.def Info: figures/ai-empire-logo-photoroom.png  used on input li
ne 65.
(pdftex.def)             Requested size: 41.25641pt x 41.25497pt.
 [19]
Package csquotes Info: Input encoding change on input line 71.
 (D:\MiKTeX\tex/latex/base\latin1.def
File: latin1.def 2024/02/08 v1.3d Input encoding file
LaTeX Encoding Info:    Ignoring declaration for text command \textdegree (enco
ding ?) on input line 47.
LaTeX Encoding Info:    Ignoring declaration for text command \textonehalf (enc
oding ?) on input line 48.
LaTeX Encoding Info:    Ignoring declaration for text command \textonequarter (
encoding ?) on input line 49.
LaTeX Encoding Info:    Ignoring declaration for text command \textthreequarter
s (encoding ?) on input line 50.
LaTeX Encoding Info:    Ignoring declaration for text command \textcent (encodi
ng ?) on input line 51.
LaTeX Encoding Info:    Ignoring declaration for text command \textyen (encodin
g ?) on input line 53.
LaTeX Encoding Info:    Ignoring declaration for text command \textcurrency (en
coding ?) on input line 55.
LaTeX Encoding Info:    Ignoring declaration for text command \textbrokenbar (e
ncoding ?) on input line 57.
)
File: figures/ai-empire-logo-photoroom.png Graphic file (type png)
<use figures/ai-empire-logo-photoroom.png>
Package pdftex.def Info: figures/ai-empire-logo-photoroom.png  used on input li
ne 85.
(pdftex.def)             Requested size: 41.25641pt x 41.25497pt.
 [20])
(sections/chuong06_long_term_memory.tex
File: figures/ai-empire-logo-photoroom.png Graphic file (type png)
<use figures/ai-empire-logo-photoroom.png>
Package pdftex.def Info: figures/ai-empire-logo-photoroom.png  used on input li
ne 1.
(pdftex.def)             Requested size: 41.25641pt x 41.25497pt.
 [21]
Ch\uhorn \ohorn ng 6.

Package csquotes Warning: No space factor codes for 'T5' encoding.
(csquotes)                Punctuation tracker may fail on input line 4.


Underfull \hbox (badness 5832) in paragraph at lines 13--13
[]|\T5/cmr/bx/n/12 (+20) Checkpointer (Bë nhî
 []


Underfull \hbox (badness 4673) in paragraph at lines 15--15
[]|\T5/cmr/m/n/12 (+20) Ph¤m vi ho¤t
 []


Underfull \hbox (badness 10000) in paragraph at lines 16--17
[]|\T5/cmr/m/n/12 (+20) Namespace ph¥n c§p chùa
 []

Package csquotes Info: Input encoding change on input line 28.
(D:\MiKTeX\tex/latex/base\latin1.def
File: latin1.def 2024/02/08 v1.3d Input encoding file
LaTeX Encoding Info:    Ignoring declaration for text command \textdegree (enco
ding ?) on input line 47.
LaTeX Encoding Info:    Ignoring declaration for text command \textonehalf (enc
oding ?) on input line 48.
LaTeX Encoding Info:    Ignoring declaration for text command \textonequarter (
encoding ?) on input line 49.
LaTeX Encoding Info:    Ignoring declaration for text command \textthreequarter
s (encoding ?) on input line 50.
LaTeX Encoding Info:    Ignoring declaration for text command \textcent (encodi
ng ?) on input line 51.
LaTeX Encoding Info:    Ignoring declaration for text command \textyen (encodin
g ?) on input line 53.
LaTeX Encoding Info:    Ignoring declaration for text command \textcurrency (en
coding ?) on input line 55.
LaTeX Encoding Info:    Ignoring declaration for text command \textbrokenbar (e
ncoding ?) on input line 57.
)
File: figures/ai-empire-logo-photoroom.png Graphic file (type png)
<use figures/ai-empire-logo-photoroom.png>
Package pdftex.def Info: figures/ai-empire-logo-photoroom.png  used on input li
ne 9.
(pdftex.def)             Requested size: 41.25641pt x 41.25497pt.
 [22

]
Overfull \hbox (1.23686pt too wide) in paragraph at lines 33--34
[]\T5/cmr/bx/n/12 (-20) Namespace ph¥n c§p \T5/cmtt/m/n/12 profile_namespace\T5
/cmr/bx/n/12 (-20) : \T5/cmr/m/n/12 (-20) H m tr£ v· mët tu-ple d¤ng \T5/cmtt/m
/n/12 ("users",
 []

File: figures/ai-empire-logo-photoroom.png Graphic file (type png)
<use figures/ai-empire-logo-photoroom.png>
Package pdftex.def Info: figures/ai-empire-logo-photoroom.png  used on input li
ne 43.
(pdftex.def)             Requested size: 41.25641pt x 41.25497pt.
[23]
Package csquotes Info: Input encoding change on input line 56.
 (D:\MiKTeX\tex/latex/base\latin1.def
File: latin1.def 2024/02/08 v1.3d Input encoding file
LaTeX Encoding Info:    Ignoring declaration for text command \textdegree (enco
ding ?) on input line 47.
LaTeX Encoding Info:    Ignoring declaration for text command \textonehalf (enc
oding ?) on input line 48.
LaTeX Encoding Info:    Ignoring declaration for text command \textonequarter (
encoding ?) on input line 49.
LaTeX Encoding Info:    Ignoring declaration for text command \textthreequarter
s (encoding ?) on input line 50.
LaTeX Encoding Info:    Ignoring declaration for text command \textcent (encodi
ng ?) on input line 51.
LaTeX Encoding Info:    Ignoring declaration for text command \textyen (encodin
g ?) on input line 53.
LaTeX Encoding Info:    Ignoring declaration for text command \textcurrency (en
coding ?) on input line 55.
LaTeX Encoding Info:    Ignoring declaration for text command \textbrokenbar (e
ncoding ?) on input line 57.
)
File: figures/ai-empire-logo-photoroom.png Graphic file (type png)
<use figures/ai-empire-logo-photoroom.png>
Package pdftex.def Info: figures/ai-empire-logo-photoroom.png  used on input li
ne 31.
(pdftex.def)             Requested size: 41.25641pt x 41.25497pt.
 [24]
File: figures/ai-empire-logo-photoroom.png Graphic file (type png)
<use figures/ai-empire-logo-photoroom.png>
Package pdftex.def Info: figures/ai-empire-logo-photoroom.png  used on input li
ne 63.
(pdftex.def)             Requested size: 41.25641pt x 41.25497pt.
 [25])
(sections/chuong07_luu_tru_production.tex
File: figures/ai-empire-logo-photoroom.png Graphic file (type png)
<use figures/ai-empire-logo-photoroom.png>
Package pdftex.def Info: figures/ai-empire-logo-photoroom.png  used on input li
ne 1.
(pdftex.def)             Requested size: 41.25641pt x 41.25497pt.
 [26]
Ch\uhorn \ohorn ng 7.

Underfull \hbox (badness 10000) in paragraph at lines 17--17
[]|\T5/cmr/m/n/12 (+20) InMemorySaver /
 []


Underfull \hbox (badness 7221) in paragraph at lines 18--18
[]|\T5/cmr/m/n/12 (+20) Thi¸t bà c¡ nh¥n,
 []


Underfull \hbox (badness 10000) in paragraph at lines 19--19
[]|\T5/cmr/m/n/12 (+20) PostgreSQL (Post-
 []


Underfull \hbox (badness 3291) in paragraph at lines 19--19
[]|\T5/cmr/m/n/12 (+20) Ùng döng web, h»
 []


Underfull \hbox (badness 1406) in paragraph at lines 19--19
\T5/cmr/m/n/12 (+20) thèng doanh nghi»p
 []


Underfull \hbox (badness 10000) in paragraph at lines 20--20
[]|\T5/cmr/m/n/12 (+20) Ki¸n tróc doanh
 []

File: figures/ai-empire-logo-photoroom.png Graphic file (type png)
<use figures/ai-empire-logo-photoroom.png>
Package pdftex.def Info: figures/ai-empire-logo-photoroom.png  used on input li
ne 31.
(pdftex.def)             Requested size: 41.25641pt x 41.25497pt.
[27

]

Package microtype Warning: I cannot find a protrusion list for font
(microtype)                `T5/cmtt/m/it/8'. Switching off
(microtype)                protrusion for this font on input line 40.

(D:\MiKTeX\tex/latex/listings\lstlang1.sty
File: lstlang1.sty 2025/11/14 1.11b listings language file
)
File: figures/ai-empire-logo-photoroom.png Graphic file (type png)
<use figures/ai-empire-logo-photoroom.png>
Package pdftex.def Info: figures/ai-empire-logo-photoroom.png  used on input li
ne 75.
(pdftex.def)             Requested size: 41.25641pt x 41.25497pt.
 [28])
(sections/chuong08_tich_hop_llm_gateway.tex
File: figures/ai-empire-logo-photoroom.png Graphic file (type png)
<use figures/ai-empire-logo-photoroom.png>
Package pdftex.def Info: figures/ai-empire-logo-photoroom.png  used on input li
ne 1.
(pdftex.def)             Requested size: 41.25641pt x 41.25497pt.
 [29]
Ch\uhorn \ohorn ng 8.
File: figures/ai-empire-logo-photoroom.png Graphic file (type png)
<use figures/ai-empire-logo-photoroom.png>
Package pdftex.def Info: figures/ai-empire-logo-photoroom.png  used on input li
ne 37.
(pdftex.def)             Requested size: 41.25641pt x 41.25497pt.
[30

]
Package csquotes Info: Input encoding change on input line 37.
 (D:\MiKTeX\tex/latex/base\latin1.def
File: latin1.def 2024/02/08 v1.3d Input encoding file
LaTeX Encoding Info:    Ignoring declaration for text command \textdegree (enco
ding ?) on input line 47.
LaTeX Encoding Info:    Ignoring declaration for text command \textonehalf (enc
oding ?) on input line 48.
LaTeX Encoding Info:    Ignoring declaration for text command \textonequarter (
encoding ?) on input line 49.
LaTeX Encoding Info:    Ignoring declaration for text command \textthreequarter
s (encoding ?) on input line 50.
LaTeX Encoding Info:    Ignoring declaration for text command \textcent (encodi
ng ?) on input line 51.
LaTeX Encoding Info:    Ignoring declaration for text command \textyen (encodin
g ?) on input line 53.
LaTeX Encoding Info:    Ignoring declaration for text command \textcurrency (en
coding ?) on input line 55.
LaTeX Encoding Info:    Ignoring declaration for text command \textbrokenbar (e
ncoding ?) on input line 57.
)
File: figures/ai-empire-logo-photoroom.png Graphic file (type png)
<use figures/ai-empire-logo-photoroom.png>
Package pdftex.def Info: figures/ai-empire-logo-photoroom.png  used on input li
ne 37.
(pdftex.def)             Requested size: 41.25641pt x 41.25497pt.
 [31]
Package csquotes Info: Input encoding change on input line 57.

(D:\MiKTeX\tex/latex/base\latin1.def
File: latin1.def 2024/02/08 v1.3d Input encoding file
LaTeX Encoding Info:    Ignoring declaration for text command \textdegree (enco
ding ?) on input line 47.
LaTeX Encoding Info:    Ignoring declaration for text command \textonehalf (enc
oding ?) on input line 48.
LaTeX Encoding Info:    Ignoring declaration for text command \textonequarter (
encoding ?) on input line 49.
LaTeX Encoding Info:    Ignoring declaration for text command \textthreequarter
s (encoding ?) on input line 50.
LaTeX Encoding Info:    Ignoring declaration for text command \textcent (encodi
ng ?) on input line 51.
LaTeX Encoding Info:    Ignoring declaration for text command \textyen (encodin
g ?) on input line 53.
LaTeX Encoding Info:    Ignoring declaration for text command \textcurrency (en
coding ?) on input line 55.
LaTeX Encoding Info:    Ignoring declaration for text command \textbrokenbar (e
ncoding ?) on input line 57.
)
File: figures/ai-empire-logo-photoroom.png Graphic file (type png)
<use figures/ai-empire-logo-photoroom.png>
Package pdftex.def Info: figures/ai-empire-logo-photoroom.png  used on input li
ne 19.
(pdftex.def)             Requested size: 41.25641pt x 41.25497pt.
 [32]
Overfull \hbox (66.49934pt too wide) in paragraph at lines 63--64
[]\T5/cmr/bx/n/12 (-20) Båc mæ h¼nh Gem-ini: \T5/cmr/m/n/12 (-20) Sû döng lîp \
T5/cmtt/m/n/12 ChatGoogleGenerativeAI \T5/cmr/m/n/12 (-20) tø gâi \T5/cmtt/m/n/
12 langchain_google_genai
 []

File: figures/ai-empire-logo-photoroom.png Graphic file (type png)
<use figures/ai-empire-logo-photoroom.png>
Package pdftex.def Info: figures/ai-empire-logo-photoroom.png  used on input li
ne 102.
(pdftex.def)             Requested size: 41.25641pt x 41.25497pt.
[33]) (sections/chuong09_kiem_thu_va_quan_sat.tex
File: figures/ai-empire-logo-photoroom.png Graphic file (type png)
<use figures/ai-empire-logo-photoroom.png>
Package pdftex.def Info: figures/ai-empire-logo-photoroom.png  used on input li
ne 1.
(pdftex.def)             Requested size: 41.25641pt x 41.25497pt.
 [34]
Ch\uhorn \ohorn ng 9.
Package csquotes Info: Input encoding change on input line 19.
(D:\MiKTeX\tex/latex/base\latin1.def
File: latin1.def 2024/02/08 v1.3d Input encoding file
LaTeX Encoding Info:    Ignoring declaration for text command \textdegree (enco
ding ?) on input line 47.
LaTeX Encoding Info:    Ignoring declaration for text command \textonehalf (enc
oding ?) on input line 48.
LaTeX Encoding Info:    Ignoring declaration for text command \textonequarter (
encoding ?) on input line 49.
LaTeX Encoding Info:    Ignoring declaration for text command \textthreequarter
s (encoding ?) on input line 50.
LaTeX Encoding Info:    Ignoring declaration for text command \textcent (encodi
ng ?) on input line 51.
LaTeX Encoding Info:    Ignoring declaration for text command \textyen (encodin
g ?) on input line 53.
LaTeX Encoding Info:    Ignoring declaration for text command \textcurrency (en
coding ?) on input line 55.
LaTeX Encoding Info:    Ignoring declaration for text command \textbrokenbar (e
ncoding ?) on input line 57.
)
File: figures/ai-empire-logo-photoroom.png Graphic file (type png)
<use figures/ai-empire-logo-photoroom.png>
Package pdftex.def Info: figures/ai-empire-logo-photoroom.png  used on input li
ne 19.
(pdftex.def)             Requested size: 41.25641pt x 41.25497pt.
 [35

]
File: figures/ai-empire-logo-photoroom.png Graphic file (type png)
<use figures/ai-empire-logo-photoroom.png>
Package pdftex.def Info: figures/ai-empire-logo-photoroom.png  used on input li
ne 27.
(pdftex.def)             Requested size: 41.25641pt x 41.25497pt.
 [36]
Package csquotes Info: Input encoding change on input line 35.

(D:\MiKTeX\tex/latex/base\latin1.def
File: latin1.def 2024/02/08 v1.3d Input encoding file
LaTeX Encoding Info:    Ignoring declaration for text command \textdegree (enco
ding ?) on input line 47.
LaTeX Encoding Info:    Ignoring declaration for text command \textonehalf (enc
oding ?) on input line 48.
LaTeX Encoding Info:    Ignoring declaration for text command \textonequarter (
encoding ?) on input line 49.
LaTeX Encoding Info:    Ignoring declaration for text command \textthreequarter
s (encoding ?) on input line 50.
LaTeX Encoding Info:    Ignoring declaration for text command \textcent (encodi
ng ?) on input line 51.
LaTeX Encoding Info:    Ignoring declaration for text command \textyen (encodin
g ?) on input line 53.
LaTeX Encoding Info:    Ignoring declaration for text command \textcurrency (en
coding ?) on input line 55.
LaTeX Encoding Info:    Ignoring declaration for text command \textbrokenbar (e
ncoding ?) on input line 57.
)
File: figures/ai-empire-logo-photoroom.png Graphic file (type png)
<use figures/ai-empire-logo-photoroom.png>
Package pdftex.def Info: figures/ai-empire-logo-photoroom.png  used on input li
ne 41.
(pdftex.def)             Requested size: 41.25641pt x 41.25497pt.
 [37]
File: figures/ai-empire-logo-photoroom.png Graphic file (type png)
<use figures/ai-empire-logo-photoroom.png>
Package pdftex.def Info: figures/ai-empire-logo-photoroom.png  used on input li
ne 74.
(pdftex.def)             Requested size: 41.25641pt x 41.25497pt.
 [38])
(sections/chuong10_du_an_cuoi_khoa.tex
File: figures/ai-empire-logo-photoroom.png Graphic file (type png)
<use figures/ai-empire-logo-photoroom.png>
Package pdftex.def Info: figures/ai-empire-logo-photoroom.png  used on input li
ne 1.
(pdftex.def)             Requested size: 41.25641pt x 41.25497pt.
 [39]
Ch\uhorn \ohorn ng 10.
File: figures/ai-empire-logo-photoroom.png Graphic file (type png)
<use figures/ai-empire-logo-photoroom.png>
Package pdftex.def Info: figures/ai-empire-logo-photoroom.png  used on input li
ne 20.
(pdftex.def)             Requested size: 41.25641pt x 41.25497pt.
[40

]
File: figures/ai-empire-logo-photoroom.png Graphic file (type png)
<use figures/ai-empire-logo-photoroom.png>
Package pdftex.def Info: figures/ai-empire-logo-photoroom.png  used on input li
ne 78.
(pdftex.def)             Requested size: 41.25641pt x 41.25497pt.
 [41]
File: figures/ai-empire-logo-photoroom.png Graphic file (type png)
<use figures/ai-empire-logo-photoroom.png>
Package pdftex.def Info: figures/ai-empire-logo-photoroom.png  used on input li
ne 90.
(pdftex.def)             Requested size: 41.25641pt x 41.25497pt.
 [42]) (sections/ket_luan.tex
File: figures/ai-empire-logo-photoroom.png Graphic file (type png)
<use figures/ai-empire-logo-photoroom.png>
Package pdftex.def Info: figures/ai-empire-logo-photoroom.png  used on input li
ne 1.
(pdftex.def)             Requested size: 41.25641pt x 41.25497pt.
 [43]) (sections/phu_luc_cai_dat.tex
File: figures/ai-empire-logo-photoroom.png Graphic file (type png)
<use figures/ai-empire-logo-photoroom.png>
Package pdftex.def Info: figures/ai-empire-logo-photoroom.png  used on input li
ne 1.
(pdftex.def)             Requested size: 41.25641pt x 41.25497pt.

[44

]
Ph\d {u} l\d {u}c A.
(D:\MiKTeX\tex/latex/listings\lstlang1.sty
File: lstlang1.sty 2025/11/14 1.11b listings language file
)
(D:\MiKTeX\tex/latex/listings\lstlang1.sty
File: lstlang1.sty 2025/11/14 1.11b listings language file
))
(sections/phu_luc_bai_tap_rubric.tex
File: figures/ai-empire-logo-photoroom.png Graphic file (type png)
<use figures/ai-empire-logo-photoroom.png>
Package pdftex.def Info: figures/ai-empire-logo-photoroom.png  used on input li
ne 1.
(pdftex.def)             Requested size: 41.25641pt x 41.25497pt.
 [45

]
File: figures/ai-empire-logo-photoroom.png Graphic file (type png)
<use figures/ai-empire-logo-photoroom.png>
Package pdftex.def Info: figures/ai-empire-logo-photoroom.png  used on input li
ne 1.
(pdftex.def)             Requested size: 41.25641pt x 41.25497pt.
 [46]
Ph\d {u} l\d {u}c B.
File: figures/ai-empire-logo-photoroom.png Graphic file (type png)
<use figures/ai-empire-logo-photoroom.png>
Package pdftex.def Info: figures/ai-empire-logo-photoroom.png  used on input li
ne 50.
(pdftex.def)             Requested size: 41.25641pt x 41.25497pt.
[47

]) (sections/phu_luc_thuat_ngu.tex
File: figures/ai-empire-logo-photoroom.png Graphic file (type png)
<use figures/ai-empire-logo-photoroom.png>
Package pdftex.def Info: figures/ai-empire-logo-photoroom.png  used on input li
ne 1.
(pdftex.def)             Requested size: 41.25641pt x 41.25497pt.
 [48]
Ph\d {u} l\d {u}c C.
)
File: figures/ai-empire-logo-photoroom.png Graphic file (type png)
<use figures/ai-empire-logo-photoroom.png>
Package pdftex.def Info: figures/ai-empire-logo-photoroom.png  used on input li
ne 82.
(pdftex.def)             Requested size: 41.25641pt x 41.25497pt.
 [49

]

Package csquotes Warning: No space factor codes for 'T5' encoding.
(csquotes)                Punctuation tracker may fail on input line 86.

File: figures/ai-empire-logo-photoroom.png Graphic file (type png)
<use figures/ai-empire-logo-photoroom.png>
Package pdftex.def Info: figures/ai-empire-logo-photoroom.png  used on input li
ne 88.
(pdftex.def)             Requested size: 41.25641pt x 41.25497pt.
[50


] (D:\MN\langgraph-memory-ai-empire\build\main.aux)
 ***********
LaTeX2e <2025-11-01>
L3 programming layer <2025-12-24>
 ***********
Package rerunfilecheck Info: File `main.out' has not changed.
(rerunfilecheck)             Checksum: FD42CF10DC6D18AA800C5073F46CF4B3;23074.
Package logreq Info: Writing requests to 'main.run.xml'.
\openout1 = `main.run.xml'.

 ) 
Here is how much of TeX's memory you used:
 48339 strings out of 469789
 947425 string characters out of 5472080
 2603532 words of memory out of 5000000
 75133 multiletter control sequences out of 15000+600000
 667175 words of font info for 235 fonts, out of 8000000 for 9000
 14 hyphenation exceptions out of 8191
 84i,13n,104p,1003b,2975s stack positions out of 10000i,1000n,20000p,200000b,200000s
 <D:\MN\langgraph-memory-ai-empire\.tex-env\miktex\data\fonts/pk/ljfour/jknap
pen/ec/dpi600\tcrm1200.pk><D:/MiKTeX/fonts/type1/public/amsfonts/cm/cmmi8.pfb><
D:/MiKTeX/fonts/type1/public/amsfonts/cm/cmsy10.pfb><D:/MiKTeX/fonts/type1/publ
ic/amsfonts/cm/cmsy8.pfb><D:/MiKTeX/fonts/type1/public/amsfonts/symbols/msam10.
pfb><D:/MN/langgraph-memory-ai-empire/.tex-env/miktex/install/fonts/type1/vntex
/vnr/vnbx10.pfb><D:/MN/langgraph-memory-ai-empire/.tex-env/miktex/install/fonts
/type1/vntex/vnr/vnbx12.pfb><D:/MN/langgraph-memory-ai-empire/.tex-env/miktex/i
nstall/fonts/type1/vntex/vnr/vncsc10.pfb><D:/MN/langgraph-memory-ai-empire/.tex
-env/miktex/install/fonts/type1/vntex/vnr/vnitt10.pfb><D:/MN/langgraph-memory-a
i-empire/.tex-env/miktex/install/fonts/type1/vntex/vnr/vnr10.pfb><D:/MN/langgra
ph-memory-ai-empire/.tex-env/miktex/install/fonts/type1/vntex/vnr/vnr12.pfb><D:
/MN/langgraph-memory-ai-empire/.tex-env/miktex/install/fonts/type1/vntex/vnr/vn
r8.pfb><D:/MN/langgraph-memory-ai-empire/.tex-env/miktex/install/fonts/type1/vn
tex/vnr/vnti10.pfb><D:/MN/langgraph-memory-ai-empire/.tex-env/miktex/install/fo
nts/type1/vntex/vnr/vnti12.pfb><D:/MN/langgraph-memory-ai-empire/.tex-env/mikte
x/install/fonts/type1/vntex/vnr/vntt10.pfb><D:/MN/langgraph-memory-ai-empire/.t
ex-env/miktex/install/fonts/type1/vntex/vnr/vntt12.pfb><D:/MN/langgraph-memory-
ai-empire/.tex-env/miktex/install/fonts/type1/vntex/vnr/vntt8.pfb>
Output written on D:\MN\langgraph-memory-ai-empire\build\main.pdf (60 pages, 10
98163 bytes).
PDF statistics:
 1715 PDF objects out of 1728 (max. 8388607)
 836 named destinations out of 1000 (max. 500000)
 64346 words of extra memory for PDF output out of 74296 (max. 10000000)

