2026-08-01 14:22:27,069+0700 INFO  miktex - this is One MiKTeX Utility 1.11 (MiKTeX 25.12)
2026-08-01 14:22:27,069+0700 INFO  miktex - this process (3696) started by pdflatex in directory D:\MN\langgraph-memory-ai-empire with command line: miktex --enable-installer --quiet fndb refresh
2026-08-01 14:22:27,071+0700 INFO  miktex - Creating FNDB for user root directory (D:\MN\langgraph-memory-ai-empire\.tex-env\miktex\config)...
2026-08-01 14:22:27,092+0700 INFO  miktex - Creating FNDB for user root directory (D:\MN\langgraph-memory-ai-empire\.tex-env\miktex\data)...
2026-08-01 14:22:27,103+0700 INFO  miktex - Creating FNDB for user root directory (D:\MiKTeX)...
2026-08-01 14:22:29,801+0700 INFO  miktex - Creating FNDB for user root directory (D:\MN\langgraph-memory-ai-empire\.tex-env\miktex\install)...
2026-08-01 14:22:29,854+0700 INFO  miktex.packagemanager - going to download https://api2.miktex.org/hello
2026-08-01 14:22:33,485+0700 INFO  miktex.packagemanager - going to download https://api2.miktex.org/repositories?&releaseState=Stable&orderBy=ranking&take=1&onlySecure=true
2026-08-01 14:22:33,796+0700 INFO  miktex - downloading https://mirror.kku.ac.th/CTAN/systems/win32/miktex/tm/packages/miktex-zzdb3-2.9.tar.lzma...
2026-08-01 14:22:33,797+0700 INFO  miktex.packagemanager - going to download https://mirror.kku.ac.th/CTAN/systems/win32/miktex/tm/packages/miktex-zzdb3-2.9.tar.lzma
2026-08-01 14:24:03,458+0700 FATAL miktex.core - Failure when receiving data from the peer
2026-08-01 14:24:03,458+0700 FATAL miktex.core - Data: code="56", url="https://mirror.kku.ac.th/CTAN/systems/win32/miktex/tm/packages/miktex-zzdb3-2.9.tar.lzma"
2026-08-01 14:24:03,458+0700 FATAL miktex.core - Source: Libraries\MiKTeX\PackageManager\CurlWebSession.cpp:247
2026-08-01 14:24:03,469+0700 FATAL miktex - Failure when receiving data from the peer
2026-08-01 14:24:03,469+0700 FATAL miktex - Info: code="56", url="https://mirror.kku.ac.th/CTAN/systems/win32/miktex/tm/packages/miktex-zzdb3-2.9.tar.lzma"
2026-08-01 14:24:03,469+0700 FATAL miktex - Source: Libraries\MiKTeX\PackageManager\CurlWebSession.cpp
2026-08-01 14:24:03,470+0700 FATAL miktex - Line: 247
2026-08-01 14:24:03,471+0700 INFO  miktex - this process (3696) finishes with exit code 1
2026-08-01 14:24:03,627+0700 INFO  miktex - this is One MiKTeX Utility 1.11 (MiKTeX 25.12)
2026-08-01 14:24:03,627+0700 INFO  miktex - this process (10428) started by pdflatex in directory D:\MN\langgraph-memory-ai-empire with command line: miktex --enable-installer --quiet fontmaps configure
2026-08-01 14:24:03,636+0700 INFO  miktex - Parsing configuration file D:\MiKTeX\miktex/config\updmap.cfg...
2026-08-01 14:24:03,662+0700 INFO  miktex - Parsing configuration file D:\MN\langgraph-memory-ai-empire\.tex-env\miktex\config\miktex/config\updmap.cfg...
2026-08-01 14:24:04,484+0700 INFO  miktex - Writing D:\MN\langgraph-memory-ai-empire\.tex-env\miktex\data\fonts\map\dvipdfmx\kanjix.map...
2026-08-01 14:24:04,498+0700 INFO  miktex - Writing D:\MN\langgraph-memory-ai-empire\.tex-env\miktex\data\fonts\map\dvips\builtin35.map...
2026-08-01 14:24:04,510+0700 INFO  miktex - Writing D:\MN\langgraph-memory-ai-empire\.tex-env\miktex\data\fonts\map\dvips\download35.map...
2026-08-01 14:24:04,520+0700 INFO  miktex - Writing D:\MN\langgraph-memory-ai-empire\.tex-env\miktex\data\fonts\map\dvips\ps2pk.map...
2026-08-01 14:24:04,534+0700 INFO  miktex - Writing D:\MN\langgraph-memory-ai-empire\.tex-env\miktex\data\fonts\map\dvips\psfonts_pk.map...
2026-08-01 14:24:04,547+0700 INFO  miktex - Writing D:\MN\langgraph-memory-ai-empire\.tex-env\miktex\data\fonts\map\dvips\psfonts_t1.map...
2026-08-01 14:24:04,564+0700 INFO  miktex - Writing D:\MN\langgraph-memory-ai-empire\.tex-env\miktex\data\fonts\map\pdftex\pdftex_dl14.map...
2026-08-01 14:24:04,591+0700 INFO  miktex - Writing D:\MN\langgraph-memory-ai-empire\.tex-env\miktex\data\fonts\map\pdftex\pdftex_ndl14.map...
2026-08-01 14:24:04,618+0700 INFO  miktex - Copying D:\MN\langgraph-memory-ai-empire\.tex-env\miktex\data\fonts\map\dvips\psfonts_t1.map
2026-08-01 14:24:04,618+0700 INFO  miktex -      to D:\MN\langgraph-memory-ai-empire\.tex-env\miktex\data\fonts\map\dvips\psfonts.map...
2026-08-01 14:24:04,626+0700 INFO  miktex - Copying D:\MN\langgraph-memory-ai-empire\.tex-env\miktex\data\fonts\map\pdftex\pdftex_dl14.map
2026-08-01 14:24:04,626+0700 INFO  miktex -      to D:\MN\langgraph-memory-ai-empire\.tex-env\miktex\data\fonts\map\pdftex\pdftex.map...
2026-08-01 14:24:04,723+0700 INFO  miktex - running: miktex-fc-cache --miktex-disable-maintenance --miktex-disable-diagnose
2026-08-01 14:24:04,723+0700 INFO  miktex.core - start process: miktex-fc-cache --miktex-disable-maintenance --miktex-disable-diagnose
2026-08-01 14:24:15,420+0700 WARN  miktex.core - still open: D:\MiKTeX\fontconfig/config\fonts.conf.in
2026-08-01 14:24:15,420+0700 WARN  miktex.core - still open: D:\MN\langgraph-memory-ai-empire\.tex-env\miktex\config\fontconfig\config\fonts.conf
2026-08-01 14:24:15,421+0700 INFO  miktex - this process (10428) finishes with exit code 0
2026-08-01 14:24:15,853+0700 INFO  miktex - this is One MiKTeX Utility 1.11 (MiKTeX 25.12)
2026-08-01 14:24:15,853+0700 INFO  miktex - this process (15208) started by pdflatex in directory D:\MN\langgraph-memory-ai-empire with command line: miktex --enable-installer formats build pdflatex --engine pdftex
2026-08-01 14:24:15,889+0700 INFO  miktex - Building format 'pdflatex' with engine 'pdftex'...
2026-08-01 14:24:15,892+0700 INFO  miktex.core - start process: miktex-makefmt.exe --engine=pdftex --dest-name=pdflatex --no-dump pdflatex.ini --engine-option=-tcx=cp227.tcx --enable-installer --miktex-disable-maintenance --miktex-disable-diagnose
2026-08-01 14:24:28,772+0700 INFO  miktex - this process (15208) finishes with exit code 0
2026-08-01 14:24:45,951+0700 INFO  miktex - this is One MiKTeX Utility 1.11 (MiKTeX 25.12)
2026-08-01 14:24:45,952+0700 INFO  miktex - this process (7212) started by pdflatex in directory D:\MN\langgraph-memory-ai-empire with command line: miktex --enable-installer --quiet fndb refresh
2026-08-01 14:24:45,955+0700 INFO  miktex - Creating FNDB for user root directory (D:\MN\langgraph-memory-ai-empire\.tex-env\miktex\config)...
2026-08-01 14:24:45,972+0700 INFO  miktex - Creating FNDB for user root directory (D:\MN\langgraph-memory-ai-empire\.tex-env\miktex\data)...
2026-08-01 14:24:45,996+0700 INFO  miktex - Creating FNDB for user root directory (D:\MiKTeX)...
2026-08-01 14:24:47,730+0700 INFO  miktex - Creating FNDB for user root directory (D:\MN\langgraph-memory-ai-empire\.tex-env\miktex\install)...
2026-08-01 14:24:47,761+0700 INFO  miktex.packagemanager - going to download https://api2.miktex.org/repositories?&releaseState=Stable&orderBy=ranking&take=1&onlySecure=true
2026-08-01 14:24:48,653+0700 INFO  miktex - downloading https://mirror.kku.ac.th/CTAN/systems/win32/miktex/tm/packages/miktex-zzdb3-2.9.tar.lzma...
2026-08-01 14:24:48,653+0700 INFO  miktex.packagemanager - going to download https://mirror.kku.ac.th/CTAN/systems/win32/miktex/tm/packages/miktex-zzdb3-2.9.tar.lzma
2026-08-01 14:24:57,989+0700 INFO  miktex - 1.97 MB, 1.69 Mbit/s
2026-08-01 14:24:59,767+0700 INFO  miktex - updating package manifests (D:\MN\langgraph-memory-ai-empire\.tex-env\miktex\install\miktex/config\package-manifests.ini)...
2026-08-01 14:25:01,241+0700 INFO  miktex - installed 8970 package manifests
2026-08-01 14:25:01,243+0700 INFO  miktex - visiting repository https://mirror.kku.ac.th/CTAN/systems/win32/miktex/tm/packages/...
2026-08-01 14:25:01,243+0700 INFO  miktex - repository type: remote package repository
2026-08-01 14:25:01,244+0700 INFO  miktex - loading package repository manifest...
2026-08-01 14:25:01,245+0700 INFO  miktex - downloading https://mirror.kku.ac.th/CTAN/systems/win32/miktex/tm/packages/miktex-zzdb1-2.9.tar.lzma...
2026-08-01 14:25:01,245+0700 INFO  miktex.packagemanager - going to download https://mirror.kku.ac.th/CTAN/systems/win32/miktex/tm/packages/miktex-zzdb1-2.9.tar.lzma
2026-08-01 14:25:02,379+0700 INFO  miktex - 0.43 MB, 3.02 Mbit/s
2026-08-01 14:25:03,387+0700 WARN  miktex.packagemanager - dependency problem: ms is required by _miktex-latex-packages
2026-08-01 14:25:03,387+0700 WARN  miktex.packagemanager - dependency problem: showframe is required by _miktex-latex-packages
2026-08-01 14:25:03,387+0700 WARN  miktex.packagemanager - dependency problem: thailatex is required by _miktex-latex-packages
2026-08-01 14:25:03,388+0700 WARN  miktex.packagemanager - dependency problem: luxi is required by _miktex-fonts-type1
2026-08-01 14:25:06,451+0700 INFO  miktex - this process (7212) finishes with exit code 0
2026-08-01 14:25:06,761+0700 INFO  miktex - this is One MiKTeX Utility 1.11 (MiKTeX 25.12)
2026-08-01 14:25:06,762+0700 INFO  miktex - this process (9352) started by pdflatex in directory D:\MN\langgraph-memory-ai-empire with command line: miktex --enable-installer --quiet fontmaps configure
2026-08-01 14:25:06,762+0700 INFO  miktex - Parsing configuration file D:\MiKTeX\miktex/config\updmap.cfg...
2026-08-01 14:25:06,765+0700 INFO  miktex - Parsing configuration file D:\MN\langgraph-memory-ai-empire\.tex-env\miktex\config\miktex/config\updmap.cfg...
2026-08-01 14:25:06,892+0700 INFO  miktex - Writing D:\MN\langgraph-memory-ai-empire\.tex-env\miktex\data\fonts\map\dvipdfmx\kanjix.map...
2026-08-01 14:25:06,893+0700 INFO  miktex - Writing D:\MN\langgraph-memory-ai-empire\.tex-env\miktex\data\fonts\map\dvips\builtin35.map...
2026-08-01 14:25:06,895+0700 INFO  miktex - Writing D:\MN\langgraph-memory-ai-empire\.tex-env\miktex\data\fonts\map\dvips\download35.map...
2026-08-01 14:25:06,897+0700 INFO  miktex - Writing D:\MN\langgraph-memory-ai-empire\.tex-env\miktex\data\fonts\map\dvips\ps2pk.map...
2026-08-01 14:25:06,906+0700 INFO  miktex - Writing D:\MN\langgraph-memory-ai-empire\.tex-env\miktex\data\fonts\map\dvips\psfonts_pk.map...
2026-08-01 14:25:06,914+0700 INFO  miktex - Writing D:\MN\langgraph-memory-ai-empire\.tex-env\miktex\data\fonts\map\dvips\psfonts_t1.map...
2026-08-01 14:25:06,923+0700 INFO  miktex - Writing D:\MN\langgraph-memory-ai-empire\.tex-env\miktex\data\fonts\map\pdftex\pdftex_dl14.map...
2026-08-01 14:25:06,932+0700 INFO  miktex - Writing D:\MN\langgraph-memory-ai-empire\.tex-env\miktex\data\fonts\map\pdftex\pdftex_ndl14.map...
2026-08-01 14:25:06,941+0700 INFO  miktex - Copying D:\MN\langgraph-memory-ai-empire\.tex-env\miktex\data\fonts\map\dvips\psfonts_t1.map
2026-08-01 14:25:06,941+0700 INFO  miktex -      to D:\MN\langgraph-memory-ai-empire\.tex-env\miktex\data\fonts\map\dvips\psfonts.map...
2026-08-01 14:25:06,943+0700 INFO  miktex - Copying D:\MN\langgraph-memory-ai-empire\.tex-env\miktex\data\fonts\map\pdftex\pdftex_dl14.map
2026-08-01 14:25:06,944+0700 INFO  miktex -      to D:\MN\langgraph-memory-ai-empire\.tex-env\miktex\data\fonts\map\pdftex\pdftex.map...
2026-08-01 14:25:06,956+0700 INFO  miktex - running: miktex-fc-cache --miktex-disable-maintenance --miktex-disable-diagnose
2026-08-01 14:25:06,956+0700 INFO  miktex.core - start process: miktex-fc-cache --miktex-disable-maintenance --miktex-disable-diagnose
2026-08-01 14:25:07,520+0700 WARN  miktex.core - still open: D:\MiKTeX\fontconfig/config\fonts.conf.in
2026-08-01 14:25:07,520+0700 WARN  miktex.core - still open: D:\MN\langgraph-memory-ai-empire\.tex-env\miktex\config\fontconfig\config\fonts.conf
2026-08-01 14:25:07,521+0700 INFO  miktex - this process (9352) finishes with exit code 0
2026-08-01 14:25:07,946+0700 INFO  miktex - this is One MiKTeX Utility 1.11 (MiKTeX 25.12)
2026-08-01 14:25:07,947+0700 INFO  miktex - this process (14096) started by pdflatex in directory D:\MN\langgraph-memory-ai-empire with command line: miktex --enable-installer formats build pdflatex --engine pdftex
2026-08-01 14:25:07,950+0700 INFO  miktex - Building format 'pdflatex' with engine 'pdftex'...
2026-08-01 14:25:07,953+0700 INFO  miktex.core - start process: miktex-makefmt.exe --engine=pdftex --dest-name=pdflatex --no-dump pdflatex.ini --engine-option=-tcx=cp227.tcx --enable-installer --miktex-disable-maintenance --miktex-disable-diagnose
2026-08-01 14:25:19,954+0700 INFO  miktex - this process (14096) finishes with exit code 0
2026-08-01 14:25:37,320+0700 INFO  miktex - this is One MiKTeX Utility 1.11 (MiKTeX 25.12)
2026-08-01 14:25:37,321+0700 INFO  miktex - this process (15680) started by pdflatex in directory D:\MN\langgraph-memory-ai-empire with command line: miktex fontmaps configure
2026-08-01 14:25:37,322+0700 INFO  miktex - Parsing configuration file D:\MiKTeX\miktex/config\updmap.cfg...
2026-08-01 14:25:37,324+0700 INFO  miktex - Parsing configuration file D:\MN\langgraph-memory-ai-empire\.tex-env\miktex\config\miktex/config\updmap.cfg...
2026-08-01 14:25:37,593+0700 INFO  miktex - Writing D:\MN\langgraph-memory-ai-empire\.tex-env\miktex\data\fonts\map\dvipdfmx\kanjix.map...
2026-08-01 14:25:37,594+0700 INFO  miktex - Writing D:\MN\langgraph-memory-ai-empire\.tex-env\miktex\data\fonts\map\dvips\builtin35.map...
2026-08-01 14:25:37,596+0700 INFO  miktex - Writing D:\MN\langgraph-memory-ai-empire\.tex-env\miktex\data\fonts\map\dvips\download35.map...
2026-08-01 14:25:37,599+0700 INFO  miktex - Writing D:\MN\langgraph-memory-ai-empire\.tex-env\miktex\data\fonts\map\dvips\ps2pk.map...
2026-08-01 14:25:37,609+0700 INFO  miktex - Writing D:\MN\langgraph-memory-ai-empire\.tex-env\miktex\data\fonts\map\dvips\psfonts_pk.map...
2026-08-01 14:25:37,617+0700 INFO  miktex - Writing D:\MN\langgraph-memory-ai-empire\.tex-env\miktex\data\fonts\map\dvips\psfonts_t1.map...
2026-08-01 14:25:37,629+0700 INFO  miktex - Writing D:\MN\langgraph-memory-ai-empire\.tex-env\miktex\data\fonts\map\pdftex\pdftex_dl14.map...
2026-08-01 14:25:37,639+0700 INFO  miktex - Writing D:\MN\langgraph-memory-ai-empire\.tex-env\miktex\data\fonts\map\pdftex\pdftex_ndl14.map...
2026-08-01 14:25:37,649+0700 INFO  miktex - Copying D:\MN\langgraph-memory-ai-empire\.tex-env\miktex\data\fonts\map\dvips\psfonts_t1.map
2026-08-01 14:25:37,650+0700 INFO  miktex -      to D:\MN\langgraph-memory-ai-empire\.tex-env\miktex\data\fonts\map\dvips\psfonts.map...
2026-08-01 14:25:37,654+0700 INFO  miktex - Copying D:\MN\langgraph-memory-ai-empire\.tex-env\miktex\data\fonts\map\pdftex\pdftex_dl14.map
2026-08-01 14:25:37,654+0700 INFO  miktex -      to D:\MN\langgraph-memory-ai-empire\.tex-env\miktex\data\fonts\map\pdftex\pdftex.map...
2026-08-01 14:25:37,673+0700 INFO  miktex - running: miktex-fc-cache --miktex-disable-maintenance --miktex-disable-diagnose
2026-08-01 14:25:37,673+0700 INFO  miktex.core - start process: miktex-fc-cache --miktex-disable-maintenance --miktex-disable-diagnose
2026-08-01 14:25:38,379+0700 WARN  miktex.core - still open: D:\MN\langgraph-memory-ai-empire\.tex-env\miktex\config\fontconfig\config\fonts.conf
2026-08-01 14:25:38,379+0700 WARN  miktex.core - still open: D:\MiKTeX\fontconfig/config\fonts.conf.in
2026-08-01 14:25:38,380+0700 INFO  miktex - this process (15680) finishes with exit code 0
2026-08-01 14:25:47,171+0700 INFO  miktex - this is One MiKTeX Utility 1.11 (MiKTeX 25.12)
2026-08-01 14:25:47,171+0700 INFO  miktex - this process (1224) started by pdflatex in directory D:\MN\langgraph-memory-ai-empire with command line: miktex fontmaps configure
2026-08-01 14:25:47,172+0700 INFO  miktex - Parsing configuration file D:\MiKTeX\miktex/config\updmap.cfg...
2026-08-01 14:25:47,174+0700 INFO  miktex - Parsing configuration file D:\MN\langgraph-memory-ai-empire\.tex-env\miktex\config\miktex/config\updmap.cfg...
2026-08-01 14:25:47,415+0700 INFO  miktex - Writing D:\MN\langgraph-memory-ai-empire\.tex-env\miktex\data\fonts\map\dvipdfmx\kanjix.map...
2026-08-01 14:25:47,416+0700 INFO  miktex - Writing D:\MN\langgraph-memory-ai-empire\.tex-env\miktex\data\fonts\map\dvips\builtin35.map...
2026-08-01 14:25:47,419+0700 INFO  miktex - Writing D:\MN\langgraph-memory-ai-empire\.tex-env\miktex\data\fonts\map\dvips\download35.map...
2026-08-01 14:25:47,421+0700 INFO  miktex - Writing D:\MN\langgraph-memory-ai-empire\.tex-env\miktex\data\fonts\map\dvips\ps2pk.map...
2026-08-01 14:25:47,429+0700 INFO  miktex - Writing D:\MN\langgraph-memory-ai-empire\.tex-env\miktex\data\fonts\map\dvips\psfonts_pk.map...
2026-08-01 14:25:47,438+0700 INFO  miktex - Writing D:\MN\langgraph-memory-ai-empire\.tex-env\miktex\data\fonts\map\dvips\psfonts_t1.map...
2026-08-01 14:25:47,448+0700 INFO  miktex - Writing D:\MN\langgraph-memory-ai-empire\.tex-env\miktex\data\fonts\map\pdftex\pdftex_dl14.map...
2026-08-01 14:25:47,458+0700 INFO  miktex - Writing D:\MN\langgraph-memory-ai-empire\.tex-env\miktex\data\fonts\map\pdftex\pdftex_ndl14.map...
2026-08-01 14:25:47,469+0700 INFO  miktex - Copying D:\MN\langgraph-memory-ai-empire\.tex-env\miktex\data\fonts\map\dvips\psfonts_t1.map
2026-08-01 14:25:47,469+0700 INFO  miktex -      to D:\MN\langgraph-memory-ai-empire\.tex-env\miktex\data\fonts\map\dvips\psfonts.map...
2026-08-01 14:25:47,472+0700 INFO  miktex - Copying D:\MN\langgraph-memory-ai-empire\.tex-env\miktex\data\fonts\map\pdftex\pdftex_dl14.map
2026-08-01 14:25:47,472+0700 INFO  miktex -      to D:\MN\langgraph-memory-ai-empire\.tex-env\miktex\data\fonts\map\pdftex\pdftex.map...
2026-08-01 14:25:47,486+0700 INFO  miktex - running: miktex-fc-cache --miktex-disable-maintenance --miktex-disable-diagnose
2026-08-01 14:25:47,486+0700 INFO  miktex.core - start process: miktex-fc-cache --miktex-disable-maintenance --miktex-disable-diagnose
2026-08-01 14:25:48,006+0700 WARN  miktex.core - still open: D:\MiKTeX\fontconfig/config\fonts.conf.in
2026-08-01 14:25:48,006+0700 WARN  miktex.core - still open: D:\MN\langgraph-memory-ai-empire\.tex-env\miktex\config\fontconfig\config\fonts.conf
2026-08-01 14:25:48,007+0700 INFO  miktex - this process (1224) finishes with exit code 0
2026-08-01 14:25:52,325+0700 INFO  miktex - this is One MiKTeX Utility 1.11 (MiKTeX 25.12)
2026-08-01 14:25:52,326+0700 INFO  miktex - this process (5792) started by pdflatex in directory D:\MN\langgraph-memory-ai-empire with command line: miktex fontmaps configure
2026-08-01 14:25:52,329+0700 INFO  miktex - Parsing configuration file D:\MiKTeX\miktex/config\updmap.cfg...
2026-08-01 14:25:52,333+0700 INFO  miktex - Parsing configuration file D:\MN\langgraph-memory-ai-empire\.tex-env\miktex\config\miktex/config\updmap.cfg...
2026-08-01 14:25:52,643+0700 INFO  miktex - Writing D:\MN\langgraph-memory-ai-empire\.tex-env\miktex\data\fonts\map\dvipdfmx\kanjix.map...
2026-08-01 14:25:52,644+0700 INFO  miktex - Writing D:\MN\langgraph-memory-ai-empire\.tex-env\miktex\data\fonts\map\dvips\builtin35.map...
2026-08-01 14:25:52,646+0700 INFO  miktex - Writing D:\MN\langgraph-memory-ai-empire\.tex-env\miktex\data\fonts\map\dvips\download35.map...
2026-08-01 14:25:52,649+0700 INFO  miktex - Writing D:\MN\langgraph-memory-ai-empire\.tex-env\miktex\data\fonts\map\dvips\ps2pk.map...
2026-08-01 14:25:52,661+0700 INFO  miktex - Writing D:\MN\langgraph-memory-ai-empire\.tex-env\miktex\data\fonts\map\dvips\psfonts_pk.map...
2026-08-01 14:25:52,670+0700 INFO  miktex - Writing D:\MN\langgraph-memory-ai-empire\.tex-env\miktex\data\fonts\map\dvips\psfonts_t1.map...
2026-08-01 14:25:52,679+0700 INFO  miktex - Writing D:\MN\langgraph-memory-ai-empire\.tex-env\miktex\data\fonts\map\pdftex\pdftex_dl14.map...
2026-08-01 14:25:52,689+0700 INFO  miktex - Writing D:\MN\langgraph-memory-ai-empire\.tex-env\miktex\data\fonts\map\pdftex\pdftex_ndl14.map...
2026-08-01 14:25:52,698+0700 INFO  miktex - Copying D:\MN\langgraph-memory-ai-empire\.tex-env\miktex\data\fonts\map\dvips\psfonts_t1.map
2026-08-01 14:25:52,698+0700 INFO  miktex -      to D:\MN\langgraph-memory-ai-empire\.tex-env\miktex\data\fonts\map\dvips\psfonts.map...
2026-08-01 14:25:52,701+0700 INFO  miktex - Copying D:\MN\langgraph-memory-ai-empire\.tex-env\miktex\data\fonts\map\pdftex\pdftex_dl14.map
2026-08-01 14:25:52,701+0700 INFO  miktex -      to D:\MN\langgraph-memory-ai-empire\.tex-env\miktex\data\fonts\map\pdftex\pdftex.map...
2026-08-01 14:25:52,715+0700 INFO  miktex - running: miktex-fc-cache --miktex-disable-maintenance --miktex-disable-diagnose
2026-08-01 14:25:52,715+0700 INFO  miktex.core - start process: miktex-fc-cache --miktex-disable-maintenance --miktex-disable-diagnose
2026-08-01 14:25:53,191+0700 WARN  miktex.core - still open: D:\MN\langgraph-memory-ai-empire\.tex-env\miktex\config\fontconfig\config\fonts.conf
2026-08-01 14:25:53,191+0700 WARN  miktex.core - still open: D:\MiKTeX\fontconfig/config\fonts.conf.in
2026-08-01 14:25:53,191+0700 INFO  miktex - this process (5792) finishes with exit code 0
2026-08-01 14:26:00,227+0700 INFO  miktex - this is One MiKTeX Utility 1.11 (MiKTeX 25.12)
2026-08-01 14:26:00,228+0700 INFO  miktex - this process (16676) started by pdflatex in directory D:\MN\langgraph-memory-ai-empire with command line: miktex fontmaps configure
2026-08-01 14:26:00,229+0700 INFO  miktex - Parsing configuration file D:\MiKTeX\miktex/config\updmap.cfg...
2026-08-01 14:26:00,230+0700 INFO  miktex - Parsing configuration file D:\MN\langgraph-memory-ai-empire\.tex-env\miktex\config\miktex/config\updmap.cfg...
2026-08-01 14:26:00,599+0700 INFO  miktex - Writing D:\MN\langgraph-memory-ai-empire\.tex-env\miktex\data\fonts\map\dvipdfmx\kanjix.map...
2026-08-01 14:26:00,601+0700 INFO  miktex - Writing D:\MN\langgraph-memory-ai-empire\.tex-env\miktex\data\fonts\map\dvips\builtin35.map...
2026-08-01 14:26:00,603+0700 INFO  miktex - Writing D:\MN\langgraph-memory-ai-empire\.tex-env\miktex\data\fonts\map\dvips\download35.map...
2026-08-01 14:26:00,606+0700 INFO  miktex - Writing D:\MN\langgraph-memory-ai-empire\.tex-env\miktex\data\fonts\map\dvips\ps2pk.map...
2026-08-01 14:26:00,617+0700 INFO  miktex - Writing D:\MN\langgraph-memory-ai-empire\.tex-env\miktex\data\fonts\map\dvips\psfonts_pk.map...
2026-08-01 14:26:00,627+0700 INFO  miktex - Writing D:\MN\langgraph-memory-ai-empire\.tex-env\miktex\data\fonts\map\dvips\psfonts_t1.map...
2026-08-01 14:26:00,640+0700 INFO  miktex - Writing D:\MN\langgraph-memory-ai-empire\.tex-env\miktex\data\fonts\map\pdftex\pdftex_dl14.map...
2026-08-01 14:26:00,651+0700 INFO  miktex - Writing D:\MN\langgraph-memory-ai-empire\.tex-env\miktex\data\fonts\map\pdftex\pdftex_ndl14.map...
2026-08-01 14:26:00,662+0700 INFO  miktex - Copying D:\MN\langgraph-memory-ai-empire\.tex-env\miktex\data\fonts\map\dvips\psfonts_t1.map
2026-08-01 14:26:00,662+0700 INFO  miktex -      to D:\MN\langgraph-memory-ai-empire\.tex-env\miktex\data\fonts\map\dvips\psfonts.map...
2026-08-01 14:26:00,665+0700 INFO  miktex - Copying D:\MN\langgraph-memory-ai-empire\.tex-env\miktex\data\fonts\map\pdftex\pdftex_dl14.map
2026-08-01 14:26:00,665+0700 INFO  miktex -      to D:\MN\langgraph-memory-ai-empire\.tex-env\miktex\data\fonts\map\pdftex\pdftex.map...
2026-08-01 14:26:00,683+0700 INFO  miktex - running: miktex-fc-cache --miktex-disable-maintenance --miktex-disable-diagnose
2026-08-01 14:26:00,683+0700 INFO  miktex.core - start process: miktex-fc-cache --miktex-disable-maintenance --miktex-disable-diagnose
2026-08-01 14:26:01,399+0700 WARN  miktex.core - still open: D:\MN\langgraph-memory-ai-empire\.tex-env\miktex\config\fontconfig\config\fonts.conf
2026-08-01 14:26:01,399+0700 WARN  miktex.core - still open: D:\MiKTeX\fontconfig/config\fonts.conf.in
2026-08-01 14:26:01,399+0700 INFO  miktex - this process (16676) finishes with exit code 0
2026-08-01 14:26:04,481+0700 INFO  miktex - this is One MiKTeX Utility 1.11 (MiKTeX 25.12)
2026-08-01 14:26:04,482+0700 INFO  miktex - this process (6380) started by pdflatex in directory D:\MN\langgraph-memory-ai-empire with command line: miktex fontmaps configure
2026-08-01 14:26:04,483+0700 INFO  miktex - Parsing configuration file D:\MiKTeX\miktex/config\updmap.cfg...
2026-08-01 14:26:04,485+0700 INFO  miktex - Parsing configuration file D:\MN\langgraph-memory-ai-empire\.tex-env\miktex\config\miktex/config\updmap.cfg...
2026-08-01 14:26:04,771+0700 INFO  miktex - Writing D:\MN\langgraph-memory-ai-empire\.tex-env\miktex\data\fonts\map\dvipdfmx\kanjix.map...
2026-08-01 14:26:04,772+0700 INFO  miktex - Writing D:\MN\langgraph-memory-ai-empire\.tex-env\miktex\data\fonts\map\dvips\builtin35.map...
2026-08-01 14:26:04,775+0700 INFO  miktex - Writing D:\MN\langgraph-memory-ai-empire\.tex-env\miktex\data\fonts\map\dvips\download35.map...
2026-08-01 14:26:04,780+0700 INFO  miktex - Writing D:\MN\langgraph-memory-ai-empire\.tex-env\miktex\data\fonts\map\dvips\ps2pk.map...
2026-08-01 14:26:04,793+0700 INFO  miktex - Writing D:\MN\langgraph-memory-ai-empire\.tex-env\miktex\data\fonts\map\dvips\psfonts_pk.map...
2026-08-01 14:26:04,804+0700 INFO  miktex - Writing D:\MN\langgraph-memory-ai-empire\.tex-env\miktex\data\fonts\map\dvips\psfonts_t1.map...
2026-08-01 14:26:04,816+0700 INFO  miktex - Writing D:\MN\langgraph-memory-ai-empire\.tex-env\miktex\data\fonts\map\pdftex\pdftex_dl14.map...
2026-08-01 14:26:04,828+0700 INFO  miktex - Writing D:\MN\langgraph-memory-ai-empire\.tex-env\miktex\data\fonts\map\pdftex\pdftex_ndl14.map...
2026-08-01 14:26:04,838+0700 INFO  miktex - Copying D:\MN\langgraph-memory-ai-empire\.tex-env\miktex\data\fonts\map\dvips\psfonts_t1.map
2026-08-01 14:26:04,838+0700 INFO  miktex -      to D:\MN\langgraph-memory-ai-empire\.tex-env\miktex\data\fonts\map\dvips\psfonts.map...
2026-08-01 14:26:04,841+0700 INFO  miktex - Copying D:\MN\langgraph-memory-ai-empire\.tex-env\miktex\data\fonts\map\pdftex\pdftex_dl14.map
2026-08-01 14:26:04,841+0700 INFO  miktex -      to D:\MN\langgraph-memory-ai-empire\.tex-env\miktex\data\fonts\map\pdftex\pdftex.map...
2026-08-01 14:26:04,856+0700 INFO  miktex - running: miktex-fc-cache --miktex-disable-maintenance --miktex-disable-diagnose
2026-08-01 14:26:04,856+0700 INFO  miktex.core - start process: miktex-fc-cache --miktex-disable-maintenance --miktex-disable-diagnose
2026-08-01 14:26:05,381+0700 WARN  miktex.core - still open: D:\MiKTeX\fontconfig/config\fonts.conf.in
2026-08-01 14:26:05,381+0700 WARN  miktex.core - still open: D:\MN\langgraph-memory-ai-empire\.tex-env\miktex\config\fontconfig\config\fonts.conf
2026-08-01 14:26:05,382+0700 INFO  miktex - this process (6380) finishes with exit code 0
2026-08-01 14:26:08,786+0700 INFO  miktex - this is One MiKTeX Utility 1.11 (MiKTeX 25.12)
2026-08-01 14:26:08,787+0700 INFO  miktex - this process (8360) started by pdflatex in directory D:\MN\langgraph-memory-ai-empire with command line: miktex fontmaps configure
2026-08-01 14:26:08,788+0700 INFO  miktex - Parsing configuration file D:\MiKTeX\miktex/config\updmap.cfg...
2026-08-01 14:26:08,791+0700 INFO  miktex - Parsing configuration file D:\MN\langgraph-memory-ai-empire\.tex-env\miktex\config\miktex/config\updmap.cfg...
2026-08-01 14:26:09,106+0700 INFO  miktex - Writing D:\MN\langgraph-memory-ai-empire\.tex-env\miktex\data\fonts\map\dvipdfmx\kanjix.map...
2026-08-01 14:26:09,107+0700 INFO  miktex - Writing D:\MN\langgraph-memory-ai-empire\.tex-env\miktex\data\fonts\map\dvips\builtin35.map...
2026-08-01 14:26:09,110+0700 INFO  miktex - Writing D:\MN\langgraph-memory-ai-empire\.tex-env\miktex\data\fonts\map\dvips\download35.map...
2026-08-01 14:26:09,112+0700 INFO  miktex - Writing D:\MN\langgraph-memory-ai-empire\.tex-env\miktex\data\fonts\map\dvips\ps2pk.map...
2026-08-01 14:26:09,121+0700 INFO  miktex - Writing D:\MN\langgraph-memory-ai-empire\.tex-env\miktex\data\fonts\map\dvips\psfonts_pk.map...
2026-08-01 14:26:09,129+0700 INFO  miktex - Writing D:\MN\langgraph-memory-ai-empire\.tex-env\miktex\data\fonts\map\dvips\psfonts_t1.map...
2026-08-01 14:26:09,140+0700 INFO  miktex - Writing D:\MN\langgraph-memory-ai-empire\.tex-env\miktex\data\fonts\map\pdftex\pdftex_dl14.map...
2026-08-01 14:26:09,151+0700 INFO  miktex - Writing D:\MN\langgraph-memory-ai-empire\.tex-env\miktex\data\fonts\map\pdftex\pdftex_ndl14.map...
2026-08-01 14:26:09,160+0700 INFO  miktex - Copying D:\MN\langgraph-memory-ai-empire\.tex-env\miktex\data\fonts\map\dvips\psfonts_t1.map
2026-08-01 14:26:09,160+0700 INFO  miktex -      to D:\MN\langgraph-memory-ai-empire\.tex-env\miktex\data\fonts\map\dvips\psfonts.map...
2026-08-01 14:26:09,163+0700 INFO  miktex - Copying D:\MN\langgraph-memory-ai-empire\.tex-env\miktex\data\fonts\map\pdftex\pdftex_dl14.map
2026-08-01 14:26:09,163+0700 INFO  miktex -      to D:\MN\langgraph-memory-ai-empire\.tex-env\miktex\data\fonts\map\pdftex\pdftex.map...
2026-08-01 14:26:09,182+0700 INFO  miktex - running: miktex-fc-cache --miktex-disable-maintenance --miktex-disable-diagnose
2026-08-01 14:26:09,182+0700 INFO  miktex.core - start process: miktex-fc-cache --miktex-disable-maintenance --miktex-disable-diagnose
2026-08-01 14:26:09,693+0700 WARN  miktex.core - still open: D:\MiKTeX\fontconfig/config\fonts.conf.in
2026-08-01 14:26:09,693+0700 WARN  miktex.core - still open: D:\MN\langgraph-memory-ai-empire\.tex-env\miktex\config\fontconfig\config\fonts.conf
2026-08-01 14:26:09,694+0700 INFO  miktex - this process (8360) finishes with exit code 0
2026-08-01 14:26:13,595+0700 INFO  miktex - this is One MiKTeX Utility 1.11 (MiKTeX 25.12)
2026-08-01 14:26:13,596+0700 INFO  miktex - this process (15784) started by pdflatex in directory D:\MN\langgraph-memory-ai-empire with command line: miktex fontmaps configure
2026-08-01 14:26:13,597+0700 INFO  miktex - Parsing configuration file D:\MiKTeX\miktex/config\updmap.cfg...
2026-08-01 14:26:13,599+0700 INFO  miktex - Parsing configuration file D:\MN\langgraph-memory-ai-empire\.tex-env\miktex\config\miktex/config\updmap.cfg...
2026-08-01 14:26:13,950+0700 INFO  miktex - Writing D:\MN\langgraph-memory-ai-empire\.tex-env\miktex\data\fonts\map\dvipdfmx\kanjix.map...
2026-08-01 14:26:13,951+0700 INFO  miktex - Writing D:\MN\langgraph-memory-ai-empire\.tex-env\miktex\data\fonts\map\dvips\builtin35.map...
2026-08-01 14:26:13,955+0700 INFO  miktex - Writing D:\MN\langgraph-memory-ai-empire\.tex-env\miktex\data\fonts\map\dvips\download35.map...
2026-08-01 14:26:13,959+0700 INFO  miktex - Writing D:\MN\langgraph-memory-ai-empire\.tex-env\miktex\data\fonts\map\dvips\ps2pk.map...
2026-08-01 14:26:13,972+0700 INFO  miktex - Writing D:\MN\langgraph-memory-ai-empire\.tex-env\miktex\data\fonts\map\dvips\psfonts_pk.map...
2026-08-01 14:26:13,982+0700 INFO  miktex - Writing D:\MN\langgraph-memory-ai-empire\.tex-env\miktex\data\fonts\map\dvips\psfonts_t1.map...
2026-08-01 14:26:13,997+0700 INFO  miktex - Writing D:\MN\langgraph-memory-ai-empire\.tex-env\miktex\data\fonts\map\pdftex\pdftex_dl14.map...
2026-08-01 14:26:14,011+0700 INFO  miktex - Writing D:\MN\langgraph-memory-ai-empire\.tex-env\miktex\data\fonts\map\pdftex\pdftex_ndl14.map...
2026-08-01 14:26:14,024+0700 INFO  miktex - Copying D:\MN\langgraph-memory-ai-empire\.tex-env\miktex\data\fonts\map\dvips\psfonts_t1.map
2026-08-01 14:26:14,024+0700 INFO  miktex -      to D:\MN\langgraph-memory-ai-empire\.tex-env\miktex\data\fonts\map\dvips\psfonts.map...
2026-08-01 14:26:14,028+0700 INFO  miktex - Copying D:\MN\langgraph-memory-ai-empire\.tex-env\miktex\data\fonts\map\pdftex\pdftex_dl14.map
2026-08-01 14:26:14,028+0700 INFO  miktex -      to D:\MN\langgraph-memory-ai-empire\.tex-env\miktex\data\fonts\map\pdftex\pdftex.map...
2026-08-01 14:26:14,049+0700 INFO  miktex - running: miktex-fc-cache --miktex-disable-maintenance --miktex-disable-diagnose
2026-08-01 14:26:14,050+0700 INFO  miktex.core - start process: miktex-fc-cache --miktex-disable-maintenance --miktex-disable-diagnose
2026-08-01 14:26:14,670+0700 WARN  miktex.core - still open: D:\MN\langgraph-memory-ai-empire\.tex-env\miktex\config\fontconfig\config\fonts.conf
2026-08-01 14:26:14,671+0700 WARN  miktex.core - still open: D:\MiKTeX\fontconfig/config\fonts.conf.in
2026-08-01 14:26:14,671+0700 INFO  miktex - this process (15784) finishes with exit code 0
2026-08-01 14:26:18,169+0700 INFO  miktex - this is One MiKTeX Utility 1.11 (MiKTeX 25.12)
2026-08-01 14:26:18,169+0700 INFO  miktex - this process (5964) started by pdflatex in directory D:\MN\langgraph-memory-ai-empire with command line: miktex fontmaps configure
2026-08-01 14:26:18,170+0700 INFO  miktex - Parsing configuration file D:\MiKTeX\miktex/config\updmap.cfg...
2026-08-01 14:26:18,174+0700 INFO  miktex - Parsing configuration file D:\MN\langgraph-memory-ai-empire\.tex-env\miktex\config\miktex/config\updmap.cfg...
2026-08-01 14:26:18,438+0700 INFO  miktex - Writing D:\MN\langgraph-memory-ai-empire\.tex-env\miktex\data\fonts\map\dvipdfmx\kanjix.map...
2026-08-01 14:26:18,439+0700 INFO  miktex - Writing D:\MN\langgraph-memory-ai-empire\.tex-env\miktex\data\fonts\map\dvips\builtin35.map...
2026-08-01 14:26:18,442+0700 INFO  miktex - Writing D:\MN\langgraph-memory-ai-empire\.tex-env\miktex\data\fonts\map\dvips\download35.map...
2026-08-01 14:26:18,444+0700 INFO  miktex - Writing D:\MN\langgraph-memory-ai-empire\.tex-env\miktex\data\fonts\map\dvips\ps2pk.map...
2026-08-01 14:26:18,451+0700 INFO  miktex - Writing D:\MN\langgraph-memory-ai-empire\.tex-env\miktex\data\fonts\map\dvips\psfonts_pk.map...
2026-08-01 14:26:18,460+0700 INFO  miktex - Writing D:\MN\langgraph-memory-ai-empire\.tex-env\miktex\data\fonts\map\dvips\psfonts_t1.map...
2026-08-01 14:26:18,485+0700 INFO  miktex - Writing D:\MN\langgraph-memory-ai-empire\.tex-env\miktex\data\fonts\map\pdftex\pdftex_dl14.map...
2026-08-01 14:26:18,498+0700 INFO  miktex - Writing D:\MN\langgraph-memory-ai-empire\.tex-env\miktex\data\fonts\map\pdftex\pdftex_ndl14.map...
2026-08-01 14:26:18,507+0700 INFO  miktex - Copying D:\MN\langgraph-memory-ai-empire\.tex-env\miktex\data\fonts\map\dvips\psfonts_t1.map
2026-08-01 14:26:18,508+0700 INFO  miktex -      to D:\MN\langgraph-memory-ai-empire\.tex-env\miktex\data\fonts\map\dvips\psfonts.map...
2026-08-01 14:26:18,511+0700 INFO  miktex - Copying D:\MN\langgraph-memory-ai-empire\.tex-env\miktex\data\fonts\map\pdftex\pdftex_dl14.map
2026-08-01 14:26:18,511+0700 INFO  miktex -      to D:\MN\langgraph-memory-ai-empire\.tex-env\miktex\data\fonts\map\pdftex\pdftex.map...
2026-08-01 14:26:18,527+0700 INFO  miktex - running: miktex-fc-cache --miktex-disable-maintenance --miktex-disable-diagnose
2026-08-01 14:26:18,528+0700 INFO  miktex.core - start process: miktex-fc-cache --miktex-disable-maintenance --miktex-disable-diagnose
2026-08-01 14:26:19,201+0700 WARN  miktex.core - still open: D:\MiKTeX\fontconfig/config\fonts.conf.in
2026-08-01 14:26:19,201+0700 WARN  miktex.core - still open: D:\MN\langgraph-memory-ai-empire\.tex-env\miktex\config\fontconfig\config\fonts.conf
2026-08-01 14:26:19,202+0700 INFO  miktex - this process (5964) finishes with exit code 0
2026-08-01 14:26:21,930+0700 INFO  miktex - this is One MiKTeX Utility 1.11 (MiKTeX 25.12)
2026-08-01 14:26:21,930+0700 INFO  miktex - this process (10920) started by pdflatex in directory D:\MN\langgraph-memory-ai-empire with command line: miktex fontmaps configure
2026-08-01 14:26:21,931+0700 INFO  miktex - Parsing configuration file D:\MiKTeX\miktex/config\updmap.cfg...
2026-08-01 14:26:21,932+0700 INFO  miktex - Parsing configuration file D:\MN\langgraph-memory-ai-empire\.tex-env\miktex\config\miktex/config\updmap.cfg...
2026-08-01 14:26:22,297+0700 INFO  miktex - Writing D:\MN\langgraph-memory-ai-empire\.tex-env\miktex\data\fonts\map\dvipdfmx\kanjix.map...
2026-08-01 14:26:22,298+0700 INFO  miktex - Writing D:\MN\langgraph-memory-ai-empire\.tex-env\miktex\data\fonts\map\dvips\builtin35.map...
2026-08-01 14:26:22,302+0700 INFO  miktex - Writing D:\MN\langgraph-memory-ai-empire\.tex-env\miktex\data\fonts\map\dvips\download35.map...
2026-08-01 14:26:22,305+0700 INFO  miktex - Writing D:\MN\langgraph-memory-ai-empire\.tex-env\miktex\data\fonts\map\dvips\ps2pk.map...
2026-08-01 14:26:22,318+0700 INFO  miktex - Writing D:\MN\langgraph-memory-ai-empire\.tex-env\miktex\data\fonts\map\dvips\psfonts_pk.map...
2026-08-01 14:26:22,328+0700 INFO  miktex - Writing D:\MN\langgraph-memory-ai-empire\.tex-env\miktex\data\fonts\map\dvips\psfonts_t1.map...
2026-08-01 14:26:22,342+0700 INFO  miktex - Writing D:\MN\langgraph-memory-ai-empire\.tex-env\miktex\data\fonts\map\pdftex\pdftex_dl14.map...
2026-08-01 14:26:22,356+0700 INFO  miktex - Writing D:\MN\langgraph-memory-ai-empire\.tex-env\miktex\data\fonts\map\pdftex\pdftex_ndl14.map...
2026-08-01 14:26:22,369+0700 INFO  miktex - Copying D:\MN\langgraph-memory-ai-empire\.tex-env\miktex\data\fonts\map\dvips\psfonts_t1.map
2026-08-01 14:26:22,369+0700 INFO  miktex -      to D:\MN\langgraph-memory-ai-empire\.tex-env\miktex\data\fonts\map\dvips\psfonts.map...
2026-08-01 14:26:22,372+0700 INFO  miktex - Copying D:\MN\langgraph-memory-ai-empire\.tex-env\miktex\data\fonts\map\pdftex\pdftex_dl14.map
2026-08-01 14:26:22,372+0700 INFO  miktex -      to D:\MN\langgraph-memory-ai-empire\.tex-env\miktex\data\fonts\map\pdftex\pdftex.map...
2026-08-01 14:26:22,391+0700 INFO  miktex - running: miktex-fc-cache --miktex-disable-maintenance --miktex-disable-diagnose
2026-08-01 14:26:22,391+0700 INFO  miktex.core - start process: miktex-fc-cache --miktex-disable-maintenance --miktex-disable-diagnose
2026-08-01 14:26:23,090+0700 WARN  miktex.core - still open: D:\MN\langgraph-memory-ai-empire\.tex-env\miktex\config\fontconfig\config\fonts.conf
2026-08-01 14:26:23,090+0700 WARN  miktex.core - still open: D:\MiKTeX\fontconfig/config\fonts.conf.in
2026-08-01 14:26:23,091+0700 INFO  miktex - this process (10920) finishes with exit code 0
2026-08-01 14:26:27,433+0700 INFO  miktex - this is One MiKTeX Utility 1.11 (MiKTeX 25.12)
2026-08-01 14:26:27,433+0700 INFO  miktex - this process (8724) started by pdflatex in directory D:\MN\langgraph-memory-ai-empire with command line: miktex fontmaps configure
2026-08-01 14:26:27,434+0700 INFO  miktex - Parsing configuration file D:\MiKTeX\miktex/config\updmap.cfg...
2026-08-01 14:26:27,435+0700 INFO  miktex - Parsing configuration file D:\MN\langgraph-memory-ai-empire\.tex-env\miktex\config\miktex/config\updmap.cfg...
2026-08-01 14:26:27,713+0700 INFO  miktex - Writing D:\MN\langgraph-memory-ai-empire\.tex-env\miktex\data\fonts\map\dvipdfmx\kanjix.map...
2026-08-01 14:26:27,714+0700 INFO  miktex - Writing D:\MN\langgraph-memory-ai-empire\.tex-env\miktex\data\fonts\map\dvips\builtin35.map...
2026-08-01 14:26:27,716+0700 INFO  miktex - Writing D:\MN\langgraph-memory-ai-empire\.tex-env\miktex\data\fonts\map\dvips\download35.map...
2026-08-01 14:26:27,718+0700 INFO  miktex - Writing D:\MN\langgraph-memory-ai-empire\.tex-env\miktex\data\fonts\map\dvips\ps2pk.map...
2026-08-01 14:26:27,727+0700 INFO  miktex - Writing D:\MN\langgraph-memory-ai-empire\.tex-env\miktex\data\fonts\map\dvips\psfonts_pk.map...
2026-08-01 14:26:27,735+0700 INFO  miktex - Writing D:\MN\langgraph-memory-ai-empire\.tex-env\miktex\data\fonts\map\dvips\psfonts_t1.map...
2026-08-01 14:26:27,747+0700 INFO  miktex - Writing D:\MN\langgraph-memory-ai-empire\.tex-env\miktex\data\fonts\map\pdftex\pdftex_dl14.map...
2026-08-01 14:26:27,759+0700 INFO  miktex - Writing D:\MN\langgraph-memory-ai-empire\.tex-env\miktex\data\fonts\map\pdftex\pdftex_ndl14.map...
2026-08-01 14:26:27,767+0700 INFO  miktex - Copying D:\MN\langgraph-memory-ai-empire\.tex-env\miktex\data\fonts\map\dvips\psfonts_t1.map
2026-08-01 14:26:27,767+0700 INFO  miktex -      to D:\MN\langgraph-memory-ai-empire\.tex-env\miktex\data\fonts\map\dvips\psfonts.map...
2026-08-01 14:26:27,771+0700 INFO  miktex - Copying D:\MN\langgraph-memory-ai-empire\.tex-env\miktex\data\fonts\map\pdftex\pdftex_dl14.map
2026-08-01 14:26:27,771+0700 INFO  miktex -      to D:\MN\langgraph-memory-ai-empire\.tex-env\miktex\data\fonts\map\pdftex\pdftex.map...
2026-08-01 14:26:27,784+0700 INFO  miktex - running: miktex-fc-cache --miktex-disable-maintenance --miktex-disable-diagnose
2026-08-01 14:26:27,784+0700 INFO  miktex.core - start process: miktex-fc-cache --miktex-disable-maintenance --miktex-disable-diagnose
2026-08-01 14:26:28,545+0700 WARN  miktex.core - still open: D:\MN\langgraph-memory-ai-empire\.tex-env\miktex\config\fontconfig\config\fonts.conf
2026-08-01 14:26:28,545+0700 WARN  miktex.core - still open: D:\MiKTeX\fontconfig/config\fonts.conf.in
2026-08-01 14:26:28,546+0700 INFO  miktex - this process (8724) finishes with exit code 0
2026-08-01 14:26:32,423+0700 INFO  miktex - this is One MiKTeX Utility 1.11 (MiKTeX 25.12)
2026-08-01 14:26:32,424+0700 INFO  miktex - this process (11456) started by pdflatex in directory D:\MN\langgraph-memory-ai-empire with command line: miktex fontmaps configure
2026-08-01 14:26:32,424+0700 INFO  miktex - Parsing configuration file D:\MiKTeX\miktex/config\updmap.cfg...
2026-08-01 14:26:32,425+0700 INFO  miktex - Parsing configuration file D:\MN\langgraph-memory-ai-empire\.tex-env\miktex\config\miktex/config\updmap.cfg...
2026-08-01 14:26:32,716+0700 INFO  miktex - Writing D:\MN\langgraph-memory-ai-empire\.tex-env\miktex\data\fonts\map\dvipdfmx\kanjix.map...
2026-08-01 14:26:32,717+0700 INFO  miktex - Writing D:\MN\langgraph-memory-ai-empire\.tex-env\miktex\data\fonts\map\dvips\builtin35.map...
2026-08-01 14:26:32,719+0700 INFO  miktex - Writing D:\MN\langgraph-memory-ai-empire\.tex-env\miktex\data\fonts\map\dvips\download35.map...
2026-08-01 14:26:32,722+0700 INFO  miktex - Writing D:\MN\langgraph-memory-ai-empire\.tex-env\miktex\data\fonts\map\dvips\ps2pk.map...
2026-08-01 14:26:32,735+0700 INFO  miktex - Writing D:\MN\langgraph-memory-ai-empire\.tex-env\miktex\data\fonts\map\dvips\psfonts_pk.map...
2026-08-01 14:26:32,746+0700 INFO  miktex - Writing D:\MN\langgraph-memory-ai-empire\.tex-env\miktex\data\fonts\map\dvips\psfonts_t1.map...
2026-08-01 14:26:32,758+0700 INFO  miktex - Writing D:\MN\langgraph-memory-ai-empire\.tex-env\miktex\data\fonts\map\pdftex\pdftex_dl14.map...
2026-08-01 14:26:32,772+0700 INFO  miktex - Writing D:\MN\langgraph-memory-ai-empire\.tex-env\miktex\data\fonts\map\pdftex\pdftex_ndl14.map...
2026-08-01 14:26:32,782+0700 INFO  miktex - Copying D:\MN\langgraph-memory-ai-empire\.tex-env\miktex\data\fonts\map\dvips\psfonts_t1.map
2026-08-01 14:26:32,782+0700 INFO  miktex -      to D:\MN\langgraph-memory-ai-empire\.tex-env\miktex\data\fonts\map\dvips\psfonts.map...
2026-08-01 14:26:32,786+0700 INFO  miktex - Copying D:\MN\langgraph-memory-ai-empire\.tex-env\miktex\data\fonts\map\pdftex\pdftex_dl14.map
2026-08-01 14:26:32,786+0700 INFO  miktex -      to D:\MN\langgraph-memory-ai-empire\.tex-env\miktex\data\fonts\map\pdftex\pdftex.map...
2026-08-01 14:26:32,799+0700 INFO  miktex - running: miktex-fc-cache --miktex-disable-maintenance --miktex-disable-diagnose
2026-08-01 14:26:32,799+0700 INFO  miktex.core - start process: miktex-fc-cache --miktex-disable-maintenance --miktex-disable-diagnose
2026-08-01 14:26:33,299+0700 WARN  miktex.core - still open: D:\MiKTeX\fontconfig/config\fonts.conf.in
2026-08-01 14:26:33,299+0700 WARN  miktex.core - still open: D:\MN\langgraph-memory-ai-empire\.tex-env\miktex\config\fontconfig\config\fonts.conf
2026-08-01 14:26:33,300+0700 INFO  miktex - this process (11456) finishes with exit code 0
2026-08-01 14:26:36,556+0700 INFO  miktex - this is One MiKTeX Utility 1.11 (MiKTeX 25.12)
2026-08-01 14:26:36,557+0700 INFO  miktex - this process (6388) started by pdflatex in directory D:\MN\langgraph-memory-ai-empire with command line: miktex fontmaps configure
2026-08-01 14:26:36,558+0700 INFO  miktex - Parsing configuration file D:\MiKTeX\miktex/config\updmap.cfg...
2026-08-01 14:26:36,560+0700 INFO  miktex - Parsing configuration file D:\MN\langgraph-memory-ai-empire\.tex-env\miktex\config\miktex/config\updmap.cfg...
2026-08-01 14:26:36,918+0700 INFO  miktex - Writing D:\MN\langgraph-memory-ai-empire\.tex-env\miktex\data\fonts\map\dvipdfmx\kanjix.map...
2026-08-01 14:26:36,919+0700 INFO  miktex - Writing D:\MN\langgraph-memory-ai-empire\.tex-env\miktex\data\fonts\map\dvips\builtin35.map...
2026-08-01 14:26:36,921+0700 INFO  miktex - Writing D:\MN\langgraph-memory-ai-empire\.tex-env\miktex\data\fonts\map\dvips\download35.map...
2026-08-01 14:26:36,925+0700 INFO  miktex - Writing D:\MN\langgraph-memory-ai-empire\.tex-env\miktex\data\fonts\map\dvips\ps2pk.map...
2026-08-01 14:26:36,935+0700 INFO  miktex - Writing D:\MN\langgraph-memory-ai-empire\.tex-env\miktex\data\fonts\map\dvips\psfonts_pk.map...
2026-08-01 14:26:36,944+0700 INFO  miktex - Writing D:\MN\langgraph-memory-ai-empire\.tex-env\miktex\data\fonts\map\dvips\psfonts_t1.map...
2026-08-01 14:26:36,957+0700 INFO  miktex - Writing D:\MN\langgraph-memory-ai-empire\.tex-env\miktex\data\fonts\map\pdftex\pdftex_dl14.map...
2026-08-01 14:26:36,970+0700 INFO  miktex - Writing D:\MN\langgraph-memory-ai-empire\.tex-env\miktex\data\fonts\map\pdftex\pdftex_ndl14.map...
2026-08-01 14:26:36,982+0700 INFO  miktex - Copying D:\MN\langgraph-memory-ai-empire\.tex-env\miktex\data\fonts\map\dvips\psfonts_t1.map
2026-08-01 14:26:36,982+0700 INFO  miktex -      to D:\MN\langgraph-memory-ai-empire\.tex-env\miktex\data\fonts\map\dvips\psfonts.map...
2026-08-01 14:26:36,986+0700 INFO  miktex - Copying D:\MN\langgraph-memory-ai-empire\.tex-env\miktex\data\fonts\map\pdftex\pdftex_dl14.map
2026-08-01 14:26:36,986+0700 INFO  miktex -      to D:\MN\langgraph-memory-ai-empire\.tex-env\miktex\data\fonts\map\pdftex\pdftex.map...
2026-08-01 14:26:37,004+0700 INFO  miktex - running: miktex-fc-cache --miktex-disable-maintenance --miktex-disable-diagnose
2026-08-01 14:26:37,004+0700 INFO  miktex.core - start process: miktex-fc-cache --miktex-disable-maintenance --miktex-disable-diagnose
2026-08-01 14:26:37,528+0700 WARN  miktex.core - still open: D:\MiKTeX\fontconfig/config\fonts.conf.in
2026-08-01 14:26:37,528+0700 WARN  miktex.core - still open: D:\MN\langgraph-memory-ai-empire\.tex-env\miktex\config\fontconfig\config\fonts.conf
2026-08-01 14:26:37,529+0700 INFO  miktex - this process (6388) finishes with exit code 0
2026-08-01 14:26:44,672+0700 INFO  miktex - this is One MiKTeX Utility 1.11 (MiKTeX 25.12)
2026-08-01 14:26:44,673+0700 INFO  miktex - this process (1476) started by pdflatex in directory D:\MN\langgraph-memory-ai-empire with command line: miktex fontmaps configure
2026-08-01 14:26:44,674+0700 INFO  miktex - Parsing configuration file D:\MiKTeX\miktex/config\updmap.cfg...
2026-08-01 14:26:44,676+0700 INFO  miktex - Parsing configuration file D:\MN\langgraph-memory-ai-empire\.tex-env\miktex\config\miktex/config\updmap.cfg...
2026-08-01 14:26:44,991+0700 INFO  miktex - Writing D:\MN\langgraph-memory-ai-empire\.tex-env\miktex\data\fonts\map\dvipdfmx\kanjix.map...
2026-08-01 14:26:44,991+0700 INFO  miktex - Writing D:\MN\langgraph-memory-ai-empire\.tex-env\miktex\data\fonts\map\dvips\builtin35.map...
2026-08-01 14:26:44,993+0700 INFO  miktex - Writing D:\MN\langgraph-memory-ai-empire\.tex-env\miktex\data\fonts\map\dvips\download35.map...
2026-08-01 14:26:44,995+0700 INFO  miktex - Writing D:\MN\langgraph-memory-ai-empire\.tex-env\miktex\data\fonts\map\dvips\ps2pk.map...
2026-08-01 14:26:45,004+0700 INFO  miktex - Writing D:\MN\langgraph-memory-ai-empire\.tex-env\miktex\data\fonts\map\dvips\psfonts_pk.map...
2026-08-01 14:26:45,018+0700 INFO  miktex - Writing D:\MN\langgraph-memory-ai-empire\.tex-env\miktex\data\fonts\map\dvips\psfonts_t1.map...
2026-08-01 14:26:45,031+0700 INFO  miktex - Writing D:\MN\langgraph-memory-ai-empire\.tex-env\miktex\data\fonts\map\pdftex\pdftex_dl14.map...
2026-08-01 14:26:45,046+0700 INFO  miktex - Writing D:\MN\langgraph-memory-ai-empire\.tex-env\miktex\data\fonts\map\pdftex\pdftex_ndl14.map...
2026-08-01 14:26:45,057+0700 INFO  miktex - Copying D:\MN\langgraph-memory-ai-empire\.tex-env\miktex\data\fonts\map\dvips\psfonts_t1.map
2026-08-01 14:26:45,058+0700 INFO  miktex -      to D:\MN\langgraph-memory-ai-empire\.tex-env\miktex\data\fonts\map\dvips\psfonts.map...
2026-08-01 14:26:45,061+0700 INFO  miktex - Copying D:\MN\langgraph-memory-ai-empire\.tex-env\miktex\data\fonts\map\pdftex\pdftex_dl14.map
2026-08-01 14:26:45,061+0700 INFO  miktex -      to D:\MN\langgraph-memory-ai-empire\.tex-env\miktex\data\fonts\map\pdftex\pdftex.map...
2026-08-01 14:26:45,080+0700 INFO  miktex - running: miktex-fc-cache --miktex-disable-maintenance --miktex-disable-diagnose
2026-08-01 14:26:45,080+0700 INFO  miktex.core - start process: miktex-fc-cache --miktex-disable-maintenance --miktex-disable-diagnose
2026-08-01 14:26:45,638+0700 WARN  miktex.core - still open: D:\MN\langgraph-memory-ai-empire\.tex-env\miktex\config\fontconfig\config\fonts.conf
2026-08-01 14:26:45,639+0700 WARN  miktex.core - still open: D:\MiKTeX\fontconfig/config\fonts.conf.in
2026-08-01 14:26:45,639+0700 INFO  miktex - this process (1476) finishes with exit code 0
2026-08-01 14:26:50,716+0700 INFO  miktex - this is One MiKTeX Utility 1.11 (MiKTeX 25.12)
2026-08-01 14:26:50,717+0700 INFO  miktex - this process (17316) started by pdflatex in directory D:\MN\langgraph-memory-ai-empire with command line: miktex fontmaps configure
2026-08-01 14:26:50,717+0700 INFO  miktex - Parsing configuration file D:\MiKTeX\miktex/config\updmap.cfg...
2026-08-01 14:26:50,718+0700 INFO  miktex - Parsing configuration file D:\MN\langgraph-memory-ai-empire\.tex-env\miktex\config\miktex/config\updmap.cfg...
2026-08-01 14:26:50,895+0700 INFO  miktex - Writing D:\MN\langgraph-memory-ai-empire\.tex-env\miktex\data\fonts\map\dvipdfmx\kanjix.map...
2026-08-01 14:26:50,896+0700 INFO  miktex - Writing D:\MN\langgraph-memory-ai-empire\.tex-env\miktex\data\fonts\map\dvips\builtin35.map...
2026-08-01 14:26:50,899+0700 INFO  miktex - Writing D:\MN\langgraph-memory-ai-empire\.tex-env\miktex\data\fonts\map\dvips\download35.map...
2026-08-01 14:26:50,902+0700 INFO  miktex - Writing D:\MN\langgraph-memory-ai-empire\.tex-env\miktex\data\fonts\map\dvips\ps2pk.map...
2026-08-01 14:26:50,911+0700 INFO  miktex - Writing D:\MN\langgraph-memory-ai-empire\.tex-env\miktex\data\fonts\map\dvips\psfonts_pk.map...
2026-08-01 14:26:50,918+0700 INFO  miktex - Writing D:\MN\langgraph-memory-ai-empire\.tex-env\miktex\data\fonts\map\dvips\psfonts_t1.map...
2026-08-01 14:26:50,930+0700 INFO  miktex - Writing D:\MN\langgraph-memory-ai-empire\.tex-env\miktex\data\fonts\map\pdftex\pdftex_dl14.map...
2026-08-01 14:26:50,941+0700 INFO  miktex - Writing D:\MN\langgraph-memory-ai-empire\.tex-env\miktex\data\fonts\map\pdftex\pdftex_ndl14.map...
2026-08-01 14:26:50,950+0700 INFO  miktex - Copying D:\MN\langgraph-memory-ai-empire\.tex-env\miktex\data\fonts\map\dvips\psfonts_t1.map
2026-08-01 14:26:50,950+0700 INFO  miktex -      to D:\MN\langgraph-memory-ai-empire\.tex-env\miktex\data\fonts\map\dvips\psfonts.map...
2026-08-01 14:26:50,953+0700 INFO  miktex - Copying D:\MN\langgraph-memory-ai-empire\.tex-env\miktex\data\fonts\map\pdftex\pdftex_dl14.map
2026-08-01 14:26:50,953+0700 INFO  miktex -      to D:\MN\langgraph-memory-ai-empire\.tex-env\miktex\data\fonts\map\pdftex\pdftex.map...
2026-08-01 14:26:50,966+0700 INFO  miktex - running: miktex-fc-cache --miktex-disable-maintenance --miktex-disable-diagnose
2026-08-01 14:26:50,966+0700 INFO  miktex.core - start process: miktex-fc-cache --miktex-disable-maintenance --miktex-disable-diagnose
2026-08-01 14:26:51,474+0700 WARN  miktex.core - still open: D:\MN\langgraph-memory-ai-empire\.tex-env\miktex\config\fontconfig\config\fonts.conf
2026-08-01 14:26:51,475+0700 WARN  miktex.core - still open: D:\MiKTeX\fontconfig/config\fonts.conf.in
2026-08-01 14:26:51,475+0700 INFO  miktex - this process (17316) finishes with exit code 0
2026-08-01 14:27:01,025+0700 INFO  miktex - this is One MiKTeX Utility 1.11 (MiKTeX 25.12)
2026-08-01 14:27:01,026+0700 INFO  miktex - this process (10836) started by pdflatex in directory D:\MN\langgraph-memory-ai-empire with command line: miktex fontmaps configure
2026-08-01 14:27:01,027+0700 INFO  miktex - Parsing configuration file D:\MiKTeX\miktex/config\updmap.cfg...
2026-08-01 14:27:01,029+0700 INFO  miktex - Parsing configuration file D:\MN\langgraph-memory-ai-empire\.tex-env\miktex\config\miktex/config\updmap.cfg...
2026-08-01 14:27:01,230+0700 INFO  miktex - Writing D:\MN\langgraph-memory-ai-empire\.tex-env\miktex\data\fonts\map\dvipdfmx\kanjix.map...
2026-08-01 14:27:01,231+0700 INFO  miktex - Writing D:\MN\langgraph-memory-ai-empire\.tex-env\miktex\data\fonts\map\dvips\builtin35.map...
2026-08-01 14:27:01,233+0700 INFO  miktex - Writing D:\MN\langgraph-memory-ai-empire\.tex-env\miktex\data\fonts\map\dvips\download35.map...
2026-08-01 14:27:01,236+0700 INFO  miktex - Writing D:\MN\langgraph-memory-ai-empire\.tex-env\miktex\data\fonts\map\dvips\ps2pk.map...
2026-08-01 14:27:01,247+0700 INFO  miktex - Writing D:\MN\langgraph-memory-ai-empire\.tex-env\miktex\data\fonts\map\dvips\psfonts_pk.map...
2026-08-01 14:27:01,256+0700 INFO  miktex - Writing D:\MN\langgraph-memory-ai-empire\.tex-env\miktex\data\fonts\map\dvips\psfonts_t1.map...
2026-08-01 14:27:01,268+0700 INFO  miktex - Writing D:\MN\langgraph-memory-ai-empire\.tex-env\miktex\data\fonts\map\pdftex\pdftex_dl14.map...
2026-08-01 14:27:01,280+0700 INFO  miktex - Writing D:\MN\langgraph-memory-ai-empire\.tex-env\miktex\data\fonts\map\pdftex\pdftex_ndl14.map...
2026-08-01 14:27:01,290+0700 INFO  miktex - Copying D:\MN\langgraph-memory-ai-empire\.tex-env\miktex\data\fonts\map\dvips\psfonts_t1.map
2026-08-01 14:27:01,290+0700 INFO  miktex -      to D:\MN\langgraph-memory-ai-empire\.tex-env\miktex\data\fonts\map\dvips\psfonts.map...
2026-08-01 14:27:01,293+0700 INFO  miktex - Copying D:\MN\langgraph-memory-ai-empire\.tex-env\miktex\data\fonts\map\pdftex\pdftex_dl14.map
2026-08-01 14:27:01,293+0700 INFO  miktex -      to D:\MN\langgraph-memory-ai-empire\.tex-env\miktex\data\fonts\map\pdftex\pdftex.map...
2026-08-01 14:27:01,309+0700 INFO  miktex - running: miktex-fc-cache --miktex-disable-maintenance --miktex-disable-diagnose
2026-08-01 14:27:01,309+0700 INFO  miktex.core - start process: miktex-fc-cache --miktex-disable-maintenance --miktex-disable-diagnose
2026-08-01 14:27:01,857+0700 WARN  miktex.core - still open: D:\MN\langgraph-memory-ai-empire\.tex-env\miktex\config\fontconfig\config\fonts.conf
2026-08-01 14:27:01,857+0700 WARN  miktex.core - still open: D:\MiKTeX\fontconfig/config\fonts.conf.in
2026-08-01 14:27:01,858+0700 INFO  miktex - this process (10836) finishes with exit code 0
2026-08-01 14:27:09,774+0700 INFO  miktex - this is One MiKTeX Utility 1.11 (MiKTeX 25.12)
2026-08-01 14:27:09,775+0700 INFO  miktex - this process (16952) started by pdflatex in directory D:\MN\langgraph-memory-ai-empire with command line: miktex fontmaps configure
2026-08-01 14:27:09,775+0700 INFO  miktex - Parsing configuration file D:\MiKTeX\miktex/config\updmap.cfg...
2026-08-01 14:27:09,777+0700 INFO  miktex - Parsing configuration file D:\MN\langgraph-memory-ai-empire\.tex-env\miktex\config\miktex/config\updmap.cfg...
2026-08-01 14:27:10,079+0700 INFO  miktex - Writing D:\MN\langgraph-memory-ai-empire\.tex-env\miktex\data\fonts\map\dvipdfmx\kanjix.map...
2026-08-01 14:27:10,081+0700 INFO  miktex - Writing D:\MN\langgraph-memory-ai-empire\.tex-env\miktex\data\fonts\map\dvips\builtin35.map...
2026-08-01 14:27:10,084+0700 INFO  miktex - Writing D:\MN\langgraph-memory-ai-empire\.tex-env\miktex\data\fonts\map\dvips\download35.map...
2026-08-01 14:27:10,086+0700 INFO  miktex - Writing D:\MN\langgraph-memory-ai-empire\.tex-env\miktex\data\fonts\map\dvips\ps2pk.map...
2026-08-01 14:27:10,094+0700 INFO  miktex - Writing D:\MN\langgraph-memory-ai-empire\.tex-env\miktex\data\fonts\map\dvips\psfonts_pk.map...
2026-08-01 14:27:10,103+0700 INFO  miktex - Writing D:\MN\langgraph-memory-ai-empire\.tex-env\miktex\data\fonts\map\dvips\psfonts_t1.map...
2026-08-01 14:27:10,115+0700 INFO  miktex - Writing D:\MN\langgraph-memory-ai-empire\.tex-env\miktex\data\fonts\map\pdftex\pdftex_dl14.map...
2026-08-01 14:27:10,125+0700 INFO  miktex - Writing D:\MN\langgraph-memory-ai-empire\.tex-env\miktex\data\fonts\map\pdftex\pdftex_ndl14.map...
2026-08-01 14:27:10,134+0700 INFO  miktex - Copying D:\MN\langgraph-memory-ai-empire\.tex-env\miktex\data\fonts\map\dvips\psfonts_t1.map
2026-08-01 14:27:10,134+0700 INFO  miktex -      to D:\MN\langgraph-memory-ai-empire\.tex-env\miktex\data\fonts\map\dvips\psfonts.map...
2026-08-01 14:27:10,137+0700 INFO  miktex - Copying D:\MN\langgraph-memory-ai-empire\.tex-env\miktex\data\fonts\map\pdftex\pdftex_dl14.map
2026-08-01 14:27:10,137+0700 INFO  miktex -      to D:\MN\langgraph-memory-ai-empire\.tex-env\miktex\data\fonts\map\pdftex\pdftex.map...
2026-08-01 14:27:10,152+0700 INFO  miktex - running: miktex-fc-cache --miktex-disable-maintenance --miktex-disable-diagnose
2026-08-01 14:27:10,152+0700 INFO  miktex.core - start process: miktex-fc-cache --miktex-disable-maintenance --miktex-disable-diagnose
2026-08-01 14:27:10,635+0700 WARN  miktex.core - still open: D:\MN\langgraph-memory-ai-empire\.tex-env\miktex\config\fontconfig\config\fonts.conf
2026-08-01 14:27:10,635+0700 WARN  miktex.core - still open: D:\MiKTeX\fontconfig/config\fonts.conf.in
2026-08-01 14:27:10,635+0700 INFO  miktex - this process (16952) finishes with exit code 0
2026-08-01 14:27:20,800+0700 INFO  miktex - this is One MiKTeX Utility 1.11 (MiKTeX 25.12)
2026-08-01 14:27:20,800+0700 INFO  miktex - this process (15028) started by pdflatex in directory D:\MN\langgraph-memory-ai-empire with command line: miktex fontmaps configure
2026-08-01 14:27:20,802+0700 INFO  miktex - Parsing configuration file D:\MiKTeX\miktex/config\updmap.cfg...
2026-08-01 14:27:20,804+0700 INFO  miktex - Parsing configuration file D:\MN\langgraph-memory-ai-empire\.tex-env\miktex\config\miktex/config\updmap.cfg...
2026-08-01 14:27:20,982+0700 INFO  miktex - Writing D:\MN\langgraph-memory-ai-empire\.tex-env\miktex\data\fonts\map\dvipdfmx\kanjix.map...
2026-08-01 14:27:20,983+0700 INFO  miktex - Writing D:\MN\langgraph-memory-ai-empire\.tex-env\miktex\data\fonts\map\dvips\builtin35.map...
2026-08-01 14:27:20,986+0700 INFO  miktex - Writing D:\MN\langgraph-memory-ai-empire\.tex-env\miktex\data\fonts\map\dvips\download35.map...
2026-08-01 14:27:20,989+0700 INFO  miktex - Writing D:\MN\langgraph-memory-ai-empire\.tex-env\miktex\data\fonts\map\dvips\ps2pk.map...
2026-08-01 14:27:20,997+0700 INFO  miktex - Writing D:\MN\langgraph-memory-ai-empire\.tex-env\miktex\data\fonts\map\dvips\psfonts_pk.map...
2026-08-01 14:27:21,006+0700 INFO  miktex - Writing D:\MN\langgraph-memory-ai-empire\.tex-env\miktex\data\fonts\map\dvips\psfonts_t1.map...
2026-08-01 14:27:21,019+0700 INFO  miktex - Writing D:\MN\langgraph-memory-ai-empire\.tex-env\miktex\data\fonts\map\pdftex\pdftex_dl14.map...
2026-08-01 14:27:21,030+0700 INFO  miktex - Writing D:\MN\langgraph-memory-ai-empire\.tex-env\miktex\data\fonts\map\pdftex\pdftex_ndl14.map...
2026-08-01 14:27:21,039+0700 INFO  miktex - Copying D:\MN\langgraph-memory-ai-empire\.tex-env\miktex\data\fonts\map\dvips\psfonts_t1.map
2026-08-01 14:27:21,039+0700 INFO  miktex -      to D:\MN\langgraph-memory-ai-empire\.tex-env\miktex\data\fonts\map\dvips\psfonts.map...
2026-08-01 14:27:21,042+0700 INFO  miktex - Copying D:\MN\langgraph-memory-ai-empire\.tex-env\miktex\data\fonts\map\pdftex\pdftex_dl14.map
2026-08-01 14:27:21,043+0700 INFO  miktex -      to D:\MN\langgraph-memory-ai-empire\.tex-env\miktex\data\fonts\map\pdftex\pdftex.map...
2026-08-01 14:27:21,058+0700 INFO  miktex - running: miktex-fc-cache --miktex-disable-maintenance --miktex-disable-diagnose
2026-08-01 14:27:21,058+0700 INFO  miktex.core - start process: miktex-fc-cache --miktex-disable-maintenance --miktex-disable-diagnose
2026-08-01 14:27:21,601+0700 WARN  miktex.core - still open: D:\MN\langgraph-memory-ai-empire\.tex-env\miktex\config\fontconfig\config\fonts.conf
2026-08-01 14:27:21,601+0700 WARN  miktex.core - still open: D:\MiKTeX\fontconfig/config\fonts.conf.in
2026-08-01 14:27:21,602+0700 INFO  miktex - this process (15028) finishes with exit code 0
2026-08-01 14:27:24,906+0700 INFO  miktex - this is One MiKTeX Utility 1.11 (MiKTeX 25.12)
2026-08-01 14:27:24,906+0700 INFO  miktex - this process (7012) started by pdflatex in directory D:\MN\langgraph-memory-ai-empire with command line: miktex fontmaps configure
2026-08-01 14:27:24,907+0700 INFO  miktex - Parsing configuration file D:\MiKTeX\miktex/config\updmap.cfg...
2026-08-01 14:27:24,909+0700 INFO  miktex - Parsing configuration file D:\MN\langgraph-memory-ai-empire\.tex-env\miktex\config\miktex/config\updmap.cfg...
2026-08-01 14:27:25,200+0700 INFO  miktex - Writing D:\MN\langgraph-memory-ai-empire\.tex-env\miktex\data\fonts\map\dvipdfmx\kanjix.map...
2026-08-01 14:27:25,201+0700 INFO  miktex - Writing D:\MN\langgraph-memory-ai-empire\.tex-env\miktex\data\fonts\map\dvips\builtin35.map...
2026-08-01 14:27:25,203+0700 INFO  miktex - Writing D:\MN\langgraph-memory-ai-empire\.tex-env\miktex\data\fonts\map\dvips\download35.map...
2026-08-01 14:27:25,206+0700 INFO  miktex - Writing D:\MN\langgraph-memory-ai-empire\.tex-env\miktex\data\fonts\map\dvips\ps2pk.map...
2026-08-01 14:27:25,216+0700 INFO  miktex - Writing D:\MN\langgraph-memory-ai-empire\.tex-env\miktex\data\fonts\map\dvips\psfonts_pk.map...
2026-08-01 14:27:25,226+0700 INFO  miktex - Writing D:\MN\langgraph-memory-ai-empire\.tex-env\miktex\data\fonts\map\dvips\psfonts_t1.map...
2026-08-01 14:27:25,236+0700 INFO  miktex - Writing D:\MN\langgraph-memory-ai-empire\.tex-env\miktex\data\fonts\map\pdftex\pdftex_dl14.map...
2026-08-01 14:27:25,248+0700 INFO  miktex - Writing D:\MN\langgraph-memory-ai-empire\.tex-env\miktex\data\fonts\map\pdftex\pdftex_ndl14.map...
2026-08-01 14:27:25,259+0700 INFO  miktex - Copying D:\MN\langgraph-memory-ai-empire\.tex-env\miktex\data\fonts\map\dvips\psfonts_t1.map
2026-08-01 14:27:25,259+0700 INFO  miktex -      to D:\MN\langgraph-memory-ai-empire\.tex-env\miktex\data\fonts\map\dvips\psfonts.map...
2026-08-01 14:27:25,261+0700 INFO  miktex - Copying D:\MN\langgraph-memory-ai-empire\.tex-env\miktex\data\fonts\map\pdftex\pdftex_dl14.map
2026-08-01 14:27:25,261+0700 INFO  miktex -      to D:\MN\langgraph-memory-ai-empire\.tex-env\miktex\data\fonts\map\pdftex\pdftex.map...
2026-08-01 14:27:25,277+0700 INFO  miktex - running: miktex-fc-cache --miktex-disable-maintenance --miktex-disable-diagnose
2026-08-01 14:27:25,278+0700 INFO  miktex.core - start process: miktex-fc-cache --miktex-disable-maintenance --miktex-disable-diagnose
2026-08-01 14:27:25,803+0700 WARN  miktex.core - still open: D:\MN\langgraph-memory-ai-empire\.tex-env\miktex\config\fontconfig\config\fonts.conf
2026-08-01 14:27:25,803+0700 WARN  miktex.core - still open: D:\MiKTeX\fontconfig/config\fonts.conf.in
2026-08-01 14:27:25,803+0700 INFO  miktex - this process (7012) finishes with exit code 0
2026-08-01 14:27:30,412+0700 INFO  miktex - this is One MiKTeX Utility 1.11 (MiKTeX 25.12)
2026-08-01 14:27:30,412+0700 INFO  miktex - this process (10892) started by pdflatex in directory D:\MN\langgraph-memory-ai-empire with command line: miktex fontmaps configure
2026-08-01 14:27:30,413+0700 INFO  miktex - Parsing configuration file D:\MiKTeX\miktex/config\updmap.cfg...
2026-08-01 14:27:30,415+0700 INFO  miktex - Parsing configuration file D:\MN\langgraph-memory-ai-empire\.tex-env\miktex\config\miktex/config\updmap.cfg...
2026-08-01 14:27:30,638+0700 INFO  miktex - Writing D:\MN\langgraph-memory-ai-empire\.tex-env\miktex\data\fonts\map\dvipdfmx\kanjix.map...
2026-08-01 14:27:30,639+0700 INFO  miktex - Writing D:\MN\langgraph-memory-ai-empire\.tex-env\miktex\data\fonts\map\dvips\builtin35.map...
2026-08-01 14:27:30,641+0700 INFO  miktex - Writing D:\MN\langgraph-memory-ai-empire\.tex-env\miktex\data\fonts\map\dvips\download35.map...
2026-08-01 14:27:30,644+0700 INFO  miktex - Writing D:\MN\langgraph-memory-ai-empire\.tex-env\miktex\data\fonts\map\dvips\ps2pk.map...
2026-08-01 14:27:30,652+0700 INFO  miktex - Writing D:\MN\langgraph-memory-ai-empire\.tex-env\miktex\data\fonts\map\dvips\psfonts_pk.map...
2026-08-01 14:27:30,661+0700 INFO  miktex - Writing D:\MN\langgraph-memory-ai-empire\.tex-env\miktex\data\fonts\map\dvips\psfonts_t1.map...
2026-08-01 14:27:30,672+0700 INFO  miktex - Writing D:\MN\langgraph-memory-ai-empire\.tex-env\miktex\data\fonts\map\pdftex\pdftex_dl14.map...
2026-08-01 14:27:30,682+0700 INFO  miktex - Writing D:\MN\langgraph-memory-ai-empire\.tex-env\miktex\data\fonts\map\pdftex\pdftex_ndl14.map...
2026-08-01 14:27:30,692+0700 INFO  miktex - Copying D:\MN\langgraph-memory-ai-empire\.tex-env\miktex\data\fonts\map\dvips\psfonts_t1.map
2026-08-01 14:27:30,692+0700 INFO  miktex -      to D:\MN\langgraph-memory-ai-empire\.tex-env\miktex\data\fonts\map\dvips\psfonts.map...
2026-08-01 14:27:30,695+0700 INFO  miktex - Copying D:\MN\langgraph-memory-ai-empire\.tex-env\miktex\data\fonts\map\pdftex\pdftex_dl14.map
2026-08-01 14:27:30,695+0700 INFO  miktex -      to D:\MN\langgraph-memory-ai-empire\.tex-env\miktex\data\fonts\map\pdftex\pdftex.map...
2026-08-01 14:27:30,707+0700 INFO  miktex - running: miktex-fc-cache --miktex-disable-maintenance --miktex-disable-diagnose
2026-08-01 14:27:30,707+0700 INFO  miktex.core - start process: miktex-fc-cache --miktex-disable-maintenance --miktex-disable-diagnose
2026-08-01 14:27:31,196+0700 WARN  miktex.core - still open: D:\MN\langgraph-memory-ai-empire\.tex-env\miktex\config\fontconfig\config\fonts.conf
2026-08-01 14:27:31,196+0700 WARN  miktex.core - still open: D:\MiKTeX\fontconfig/config\fonts.conf.in
2026-08-01 14:27:31,196+0700 INFO  miktex - this process (10892) finishes with exit code 0
2026-08-01 14:27:35,097+0700 INFO  miktex - this is One MiKTeX Utility 1.11 (MiKTeX 25.12)
2026-08-01 14:27:35,097+0700 INFO  miktex - this process (10040) started by pdflatex in directory D:\MN\langgraph-memory-ai-empire with command line: miktex fontmaps configure
2026-08-01 14:27:35,098+0700 INFO  miktex - Parsing configuration file D:\MiKTeX\miktex/config\updmap.cfg...
2026-08-01 14:27:35,099+0700 INFO  miktex - Parsing configuration file D:\MN\langgraph-memory-ai-empire\.tex-env\miktex\config\miktex/config\updmap.cfg...
2026-08-01 14:27:35,301+0700 INFO  miktex - Writing D:\MN\langgraph-memory-ai-empire\.tex-env\miktex\data\fonts\map\dvipdfmx\kanjix.map...
2026-08-01 14:27:35,303+0700 INFO  miktex - Writing D:\MN\langgraph-memory-ai-empire\.tex-env\miktex\data\fonts\map\dvips\builtin35.map...
2026-08-01 14:27:35,306+0700 INFO  miktex - Writing D:\MN\langgraph-memory-ai-empire\.tex-env\miktex\data\fonts\map\dvips\download35.map...
2026-08-01 14:27:35,308+0700 INFO  miktex - Writing D:\MN\langgraph-memory-ai-empire\.tex-env\miktex\data\fonts\map\dvips\ps2pk.map...
2026-08-01 14:27:35,318+0700 INFO  miktex - Writing D:\MN\langgraph-memory-ai-empire\.tex-env\miktex\data\fonts\map\dvips\psfonts_pk.map...
2026-08-01 14:27:35,328+0700 INFO  miktex - Writing D:\MN\langgraph-memory-ai-empire\.tex-env\miktex\data\fonts\map\dvips\psfonts_t1.map...
2026-08-01 14:27:35,346+0700 INFO  miktex - Writing D:\MN\langgraph-memory-ai-empire\.tex-env\miktex\data\fonts\map\pdftex\pdftex_dl14.map...
2026-08-01 14:27:35,359+0700 INFO  miktex - Writing D:\MN\langgraph-memory-ai-empire\.tex-env\miktex\data\fonts\map\pdftex\pdftex_ndl14.map...
2026-08-01 14:27:35,369+0700 INFO  miktex - Copying D:\MN\langgraph-memory-ai-empire\.tex-env\miktex\data\fonts\map\dvips\psfonts_t1.map
2026-08-01 14:27:35,369+0700 INFO  miktex -      to D:\MN\langgraph-memory-ai-empire\.tex-env\miktex\data\fonts\map\dvips\psfonts.map...
2026-08-01 14:27:35,372+0700 INFO  miktex - Copying D:\MN\langgraph-memory-ai-empire\.tex-env\miktex\data\fonts\map\pdftex\pdftex_dl14.map
2026-08-01 14:27:35,372+0700 INFO  miktex -      to D:\MN\langgraph-memory-ai-empire\.tex-env\miktex\data\fonts\map\pdftex\pdftex.map...
2026-08-01 14:27:35,389+0700 INFO  miktex - running: miktex-fc-cache --miktex-disable-maintenance --miktex-disable-diagnose
2026-08-01 14:27:35,389+0700 INFO  miktex.core - start process: miktex-fc-cache --miktex-disable-maintenance --miktex-disable-diagnose
2026-08-01 14:27:35,887+0700 WARN  miktex.core - still open: D:\MiKTeX\fontconfig/config\fonts.conf.in
2026-08-01 14:27:35,887+0700 WARN  miktex.core - still open: D:\MN\langgraph-memory-ai-empire\.tex-env\miktex\config\fontconfig\config\fonts.conf
2026-08-01 14:27:35,887+0700 INFO  miktex - this process (10040) finishes with exit code 0
2026-08-01 14:27:38,769+0700 INFO  miktex - this is One MiKTeX Utility 1.11 (MiKTeX 25.12)
2026-08-01 14:27:38,769+0700 INFO  miktex - this process (9972) started by pdflatex in directory D:\MN\langgraph-memory-ai-empire with command line: miktex fontmaps configure
2026-08-01 14:27:38,771+0700 INFO  miktex - Parsing configuration file D:\MiKTeX\miktex/config\updmap.cfg...
2026-08-01 14:27:38,774+0700 INFO  miktex - Parsing configuration file D:\MN\langgraph-memory-ai-empire\.tex-env\miktex\config\miktex/config\updmap.cfg...
2026-08-01 14:27:39,032+0700 INFO  miktex - Writing D:\MN\langgraph-memory-ai-empire\.tex-env\miktex\data\fonts\map\dvipdfmx\kanjix.map...
2026-08-01 14:27:39,033+0700 INFO  miktex - Writing D:\MN\langgraph-memory-ai-empire\.tex-env\miktex\data\fonts\map\dvips\builtin35.map...
2026-08-01 14:27:39,035+0700 INFO  miktex - Writing D:\MN\langgraph-memory-ai-empire\.tex-env\miktex\data\fonts\map\dvips\download35.map...
2026-08-01 14:27:39,038+0700 INFO  miktex - Writing D:\MN\langgraph-memory-ai-empire\.tex-env\miktex\data\fonts\map\dvips\ps2pk.map...
2026-08-01 14:27:39,047+0700 INFO  miktex - Writing D:\MN\langgraph-memory-ai-empire\.tex-env\miktex\data\fonts\map\dvips\psfonts_pk.map...
2026-08-01 14:27:39,055+0700 INFO  miktex - Writing D:\MN\langgraph-memory-ai-empire\.tex-env\miktex\data\fonts\map\dvips\psfonts_t1.map...
2026-08-01 14:27:39,066+0700 INFO  miktex - Writing D:\MN\langgraph-memory-ai-empire\.tex-env\miktex\data\fonts\map\pdftex\pdftex_dl14.map...
2026-08-01 14:27:39,076+0700 INFO  miktex - Writing D:\MN\langgraph-memory-ai-empire\.tex-env\miktex\data\fonts\map\pdftex\pdftex_ndl14.map...
2026-08-01 14:27:39,086+0700 INFO  miktex - Copying D:\MN\langgraph-memory-ai-empire\.tex-env\miktex\data\fonts\map\dvips\psfonts_t1.map
2026-08-01 14:27:39,086+0700 INFO  miktex -      to D:\MN\langgraph-memory-ai-empire\.tex-env\miktex\data\fonts\map\dvips\psfonts.map...
2026-08-01 14:27:39,089+0700 INFO  miktex - Copying D:\MN\langgraph-memory-ai-empire\.tex-env\miktex\data\fonts\map\pdftex\pdftex_dl14.map
2026-08-01 14:27:39,089+0700 INFO  miktex -      to D:\MN\langgraph-memory-ai-empire\.tex-env\miktex\data\fonts\map\pdftex\pdftex.map...
2026-08-01 14:27:39,103+0700 INFO  miktex - running: miktex-fc-cache --miktex-disable-maintenance --miktex-disable-diagnose
2026-08-01 14:27:39,103+0700 INFO  miktex.core - start process: miktex-fc-cache --miktex-disable-maintenance --miktex-disable-diagnose
2026-08-01 14:27:39,750+0700 WARN  miktex.core - still open: D:\MiKTeX\fontconfig/config\fonts.conf.in
2026-08-01 14:27:39,751+0700 WARN  miktex.core - still open: D:\MN\langgraph-memory-ai-empire\.tex-env\miktex\config\fontconfig\config\fonts.conf
2026-08-01 14:27:39,752+0700 INFO  miktex - this process (9972) finishes with exit code 0
2026-08-01 14:27:46,493+0700 INFO  miktex - this is One MiKTeX Utility 1.11 (MiKTeX 25.12)
2026-08-01 14:27:46,494+0700 INFO  miktex - this process (5232) started by pdflatex in directory D:\MN\langgraph-memory-ai-empire with command line: miktex fontmaps configure
2026-08-01 14:27:46,494+0700 INFO  miktex - Parsing configuration file D:\MiKTeX\miktex/config\updmap.cfg...
2026-08-01 14:27:46,496+0700 INFO  miktex - Parsing configuration file D:\MN\langgraph-memory-ai-empire\.tex-env\miktex\config\miktex/config\updmap.cfg...
2026-08-01 14:27:46,675+0700 INFO  miktex - Writing D:\MN\langgraph-memory-ai-empire\.tex-env\miktex\data\fonts\map\dvipdfmx\kanjix.map...
2026-08-01 14:27:46,677+0700 INFO  miktex - Writing D:\MN\langgraph-memory-ai-empire\.tex-env\miktex\data\fonts\map\dvips\builtin35.map...
2026-08-01 14:27:46,679+0700 INFO  miktex - Writing D:\MN\langgraph-memory-ai-empire\.tex-env\miktex\data\fonts\map\dvips\download35.map...
2026-08-01 14:27:46,681+0700 INFO  miktex - Writing D:\MN\langgraph-memory-ai-empire\.tex-env\miktex\data\fonts\map\dvips\ps2pk.map...
2026-08-01 14:27:46,690+0700 INFO  miktex - Writing D:\MN\langgraph-memory-ai-empire\.tex-env\miktex\data\fonts\map\dvips\psfonts_pk.map...
2026-08-01 14:27:46,699+0700 INFO  miktex - Writing D:\MN\langgraph-memory-ai-empire\.tex-env\miktex\data\fonts\map\dvips\psfonts_t1.map...
2026-08-01 14:27:46,710+0700 INFO  miktex - Writing D:\MN\langgraph-memory-ai-empire\.tex-env\miktex\data\fonts\map\pdftex\pdftex_dl14.map...
2026-08-01 14:27:46,722+0700 INFO  miktex - Writing D:\MN\langgraph-memory-ai-empire\.tex-env\miktex\data\fonts\map\pdftex\pdftex_ndl14.map...
2026-08-01 14:27:46,731+0700 INFO  miktex - Copying D:\MN\langgraph-memory-ai-empire\.tex-env\miktex\data\fonts\map\dvips\psfonts_t1.map
2026-08-01 14:27:46,731+0700 INFO  miktex -      to D:\MN\langgraph-memory-ai-empire\.tex-env\miktex\data\fonts\map\dvips\psfonts.map...
2026-08-01 14:27:46,734+0700 INFO  miktex - Copying D:\MN\langgraph-memory-ai-empire\.tex-env\miktex\data\fonts\map\pdftex\pdftex_dl14.map
2026-08-01 14:27:46,735+0700 INFO  miktex -      to D:\MN\langgraph-memory-ai-empire\.tex-env\miktex\data\fonts\map\pdftex\pdftex.map...
2026-08-01 14:27:46,748+0700 INFO  miktex - running: miktex-fc-cache --miktex-disable-maintenance --miktex-disable-diagnose
2026-08-01 14:27:46,749+0700 INFO  miktex.core - start process: miktex-fc-cache --miktex-disable-maintenance --miktex-disable-diagnose
2026-08-01 14:27:47,345+0700 WARN  miktex.core - still open: D:\MN\langgraph-memory-ai-empire\.tex-env\miktex\config\fontconfig\config\fonts.conf
2026-08-01 14:27:47,345+0700 WARN  miktex.core - still open: D:\MiKTeX\fontconfig/config\fonts.conf.in
2026-08-01 14:27:47,345+0700 INFO  miktex - this process (5232) finishes with exit code 0
2026-08-01 14:27:53,341+0700 INFO  miktex - this is One MiKTeX Utility 1.11 (MiKTeX 25.12)
2026-08-01 14:27:53,341+0700 INFO  miktex - this process (852) started by pdflatex in directory D:\MN\langgraph-memory-ai-empire with command line: miktex fontmaps configure
2026-08-01 14:27:53,342+0700 INFO  miktex - Parsing configuration file D:\MiKTeX\miktex/config\updmap.cfg...
2026-08-01 14:27:53,343+0700 INFO  miktex - Parsing configuration file D:\MN\langgraph-memory-ai-empire\.tex-env\miktex\config\miktex/config\updmap.cfg...
2026-08-01 14:27:53,647+0700 INFO  miktex - Writing D:\MN\langgraph-memory-ai-empire\.tex-env\miktex\data\fonts\map\dvipdfmx\kanjix.map...
2026-08-01 14:27:53,648+0700 INFO  miktex - Writing D:\MN\langgraph-memory-ai-empire\.tex-env\miktex\data\fonts\map\dvips\builtin35.map...
2026-08-01 14:27:53,651+0700 INFO  miktex - Writing D:\MN\langgraph-memory-ai-empire\.tex-env\miktex\data\fonts\map\dvips\download35.map...
2026-08-01 14:27:53,654+0700 INFO  miktex - Writing D:\MN\langgraph-memory-ai-empire\.tex-env\miktex\data\fonts\map\dvips\ps2pk.map...
2026-08-01 14:27:53,667+0700 INFO  miktex - Writing D:\MN\langgraph-memory-ai-empire\.tex-env\miktex\data\fonts\map\dvips\psfonts_pk.map...
2026-08-01 14:27:53,678+0700 INFO  miktex - Writing D:\MN\langgraph-memory-ai-empire\.tex-env\miktex\data\fonts\map\dvips\psfonts_t1.map...
2026-08-01 14:27:53,694+0700 INFO  miktex - Writing D:\MN\langgraph-memory-ai-empire\.tex-env\miktex\data\fonts\map\pdftex\pdftex_dl14.map...
2026-08-01 14:27:53,708+0700 INFO  miktex - Writing D:\MN\langgraph-memory-ai-empire\.tex-env\miktex\data\fonts\map\pdftex\pdftex_ndl14.map...
2026-08-01 14:27:53,724+0700 INFO  miktex - Copying D:\MN\langgraph-memory-ai-empire\.tex-env\miktex\data\fonts\map\dvips\psfonts_t1.map
2026-08-01 14:27:53,724+0700 INFO  miktex -      to D:\MN\langgraph-memory-ai-empire\.tex-env\miktex\data\fonts\map\dvips\psfonts.map...
2026-08-01 14:27:53,727+0700 INFO  miktex - Copying D:\MN\langgraph-memory-ai-empire\.tex-env\miktex\data\fonts\map\pdftex\pdftex_dl14.map
2026-08-01 14:27:53,727+0700 INFO  miktex -      to D:\MN\langgraph-memory-ai-empire\.tex-env\miktex\data\fonts\map\pdftex\pdftex.map...
2026-08-01 14:27:53,743+0700 INFO  miktex - running: miktex-fc-cache --miktex-disable-maintenance --miktex-disable-diagnose
2026-08-01 14:27:53,743+0700 INFO  miktex.core - start process: miktex-fc-cache --miktex-disable-maintenance --miktex-disable-diagnose
2026-08-01 14:27:54,247+0700 WARN  miktex.core - still open: D:\MN\langgraph-memory-ai-empire\.tex-env\miktex\config\fontconfig\config\fonts.conf
2026-08-01 14:27:54,247+0700 WARN  miktex.core - still open: D:\MiKTeX\fontconfig/config\fonts.conf.in
2026-08-01 14:27:54,248+0700 INFO  miktex - this process (852) finishes with exit code 0
2026-08-01 14:27:59,605+0700 INFO  miktex - this is One MiKTeX Utility 1.11 (MiKTeX 25.12)
2026-08-01 14:27:59,605+0700 INFO  miktex - this process (5772) started by pdflatex in directory D:\MN\langgraph-memory-ai-empire with command line: miktex fontmaps configure
2026-08-01 14:27:59,606+0700 INFO  miktex - Parsing configuration file D:\MiKTeX\miktex/config\updmap.cfg...
2026-08-01 14:27:59,608+0700 INFO  miktex - Parsing configuration file D:\MN\langgraph-memory-ai-empire\.tex-env\miktex\config\miktex/config\updmap.cfg...
2026-08-01 14:27:59,916+0700 INFO  miktex - Writing D:\MN\langgraph-memory-ai-empire\.tex-env\miktex\data\fonts\map\dvipdfmx\kanjix.map...
2026-08-01 14:27:59,917+0700 INFO  miktex - Writing D:\MN\langgraph-memory-ai-empire\.tex-env\miktex\data\fonts\map\dvips\builtin35.map...
2026-08-01 14:27:59,921+0700 INFO  miktex - Writing D:\MN\langgraph-memory-ai-empire\.tex-env\miktex\data\fonts\map\dvips\download35.map...
2026-08-01 14:27:59,924+0700 INFO  miktex - Writing D:\MN\langgraph-memory-ai-empire\.tex-env\miktex\data\fonts\map\dvips\ps2pk.map...
2026-08-01 14:27:59,934+0700 INFO  miktex - Writing D:\MN\langgraph-memory-ai-empire\.tex-env\miktex\data\fonts\map\dvips\psfonts_pk.map...
2026-08-01 14:27:59,944+0700 INFO  miktex - Writing D:\MN\langgraph-memory-ai-empire\.tex-env\miktex\data\fonts\map\dvips\psfonts_t1.map...
2026-08-01 14:27:59,956+0700 INFO  miktex - Writing D:\MN\langgraph-memory-ai-empire\.tex-env\miktex\data\fonts\map\pdftex\pdftex_dl14.map...
2026-08-01 14:27:59,971+0700 INFO  miktex - Writing D:\MN\langgraph-memory-ai-empire\.tex-env\miktex\data\fonts\map\pdftex\pdftex_ndl14.map...
2026-08-01 14:27:59,981+0700 INFO  miktex - Copying D:\MN\langgraph-memory-ai-empire\.tex-env\miktex\data\fonts\map\dvips\psfonts_t1.map
2026-08-01 14:27:59,981+0700 INFO  miktex -      to D:\MN\langgraph-memory-ai-empire\.tex-env\miktex\data\fonts\map\dvips\psfonts.map...
2026-08-01 14:27:59,984+0700 INFO  miktex - Copying D:\MN\langgraph-memory-ai-empire\.tex-env\miktex\data\fonts\map\pdftex\pdftex_dl14.map
2026-08-01 14:27:59,985+0700 INFO  miktex -      to D:\MN\langgraph-memory-ai-empire\.tex-env\miktex\data\fonts\map\pdftex\pdftex.map...
2026-08-01 14:28:00,001+0700 INFO  miktex - running: miktex-fc-cache --miktex-disable-maintenance --miktex-disable-diagnose
2026-08-01 14:28:00,001+0700 INFO  miktex.core - start process: miktex-fc-cache --miktex-disable-maintenance --miktex-disable-diagnose
2026-08-01 14:28:00,496+0700 WARN  miktex.core - still open: D:\MiKTeX\fontconfig/config\fonts.conf.in
2026-08-01 14:28:00,496+0700 WARN  miktex.core - still open: D:\MN\langgraph-memory-ai-empire\.tex-env\miktex\config\fontconfig\config\fonts.conf
2026-08-01 14:28:00,496+0700 INFO  miktex - this process (5772) finishes with exit code 0
2026-08-01 14:28:04,430+0700 INFO  miktex - this is One MiKTeX Utility 1.11 (MiKTeX 25.12)
2026-08-01 14:28:04,430+0700 INFO  miktex - this process (17532) started by pdflatex in directory D:\MN\langgraph-memory-ai-empire with command line: miktex fontmaps configure
2026-08-01 14:28:04,431+0700 INFO  miktex - Parsing configuration file D:\MiKTeX\miktex/config\updmap.cfg...
2026-08-01 14:28:04,433+0700 INFO  miktex - Parsing configuration file D:\MN\langgraph-memory-ai-empire\.tex-env\miktex\config\miktex/config\updmap.cfg...
2026-08-01 14:28:04,736+0700 INFO  miktex - Writing D:\MN\langgraph-memory-ai-empire\.tex-env\miktex\data\fonts\map\dvipdfmx\kanjix.map...
2026-08-01 14:28:04,738+0700 INFO  miktex - Writing D:\MN\langgraph-memory-ai-empire\.tex-env\miktex\data\fonts\map\dvips\builtin35.map...
2026-08-01 14:28:04,741+0700 INFO  miktex - Writing D:\MN\langgraph-memory-ai-empire\.tex-env\miktex\data\fonts\map\dvips\download35.map...
2026-08-01 14:28:04,744+0700 INFO  miktex - Writing D:\MN\langgraph-memory-ai-empire\.tex-env\miktex\data\fonts\map\dvips\ps2pk.map...
2026-08-01 14:28:04,753+0700 INFO  miktex - Writing D:\MN\langgraph-memory-ai-empire\.tex-env\miktex\data\fonts\map\dvips\psfonts_pk.map...
2026-08-01 14:28:04,762+0700 INFO  miktex - Writing D:\MN\langgraph-memory-ai-empire\.tex-env\miktex\data\fonts\map\dvips\psfonts_t1.map...
2026-08-01 14:28:04,773+0700 INFO  miktex - Writing D:\MN\langgraph-memory-ai-empire\.tex-env\miktex\data\fonts\map\pdftex\pdftex_dl14.map...
2026-08-01 14:28:04,785+0700 INFO  miktex - Writing D:\MN\langgraph-memory-ai-empire\.tex-env\miktex\data\fonts\map\pdftex\pdftex_ndl14.map...
2026-08-01 14:28:04,794+0700 INFO  miktex - Copying D:\MN\langgraph-memory-ai-empire\.tex-env\miktex\data\fonts\map\dvips\psfonts_t1.map
2026-08-01 14:28:04,794+0700 INFO  miktex -      to D:\MN\langgraph-memory-ai-empire\.tex-env\miktex\data\fonts\map\dvips\psfonts.map...
2026-08-01 14:28:04,798+0700 INFO  miktex - Copying D:\MN\langgraph-memory-ai-empire\.tex-env\miktex\data\fonts\map\pdftex\pdftex_dl14.map
2026-08-01 14:28:04,798+0700 INFO  miktex -      to D:\MN\langgraph-memory-ai-empire\.tex-env\miktex\data\fonts\map\pdftex\pdftex.map...
2026-08-01 14:28:04,813+0700 INFO  miktex - running: miktex-fc-cache --miktex-disable-maintenance --miktex-disable-diagnose
2026-08-01 14:28:04,814+0700 INFO  miktex.core - start process: miktex-fc-cache --miktex-disable-maintenance --miktex-disable-diagnose
2026-08-01 14:28:05,288+0700 WARN  miktex.core - still open: D:\MN\langgraph-memory-ai-empire\.tex-env\miktex\config\fontconfig\config\fonts.conf
2026-08-01 14:28:05,288+0700 WARN  miktex.core - still open: D:\MiKTeX\fontconfig/config\fonts.conf.in
2026-08-01 14:28:05,289+0700 INFO  miktex - this process (17532) finishes with exit code 0
2026-08-01 14:28:09,363+0700 INFO  miktex - this is One MiKTeX Utility 1.11 (MiKTeX 25.12)
2026-08-01 14:28:09,363+0700 INFO  miktex - this process (11680) started by pdflatex in directory D:\MN\langgraph-memory-ai-empire with command line: miktex fontmaps configure
2026-08-01 14:28:09,364+0700 INFO  miktex - Parsing configuration file D:\MiKTeX\miktex/config\updmap.cfg...
2026-08-01 14:28:09,366+0700 INFO  miktex - Parsing configuration file D:\MN\langgraph-memory-ai-empire\.tex-env\miktex\config\miktex/config\updmap.cfg...
2026-08-01 14:28:09,629+0700 INFO  miktex - Writing D:\MN\langgraph-memory-ai-empire\.tex-env\miktex\data\fonts\map\dvipdfmx\kanjix.map...
2026-08-01 14:28:09,630+0700 INFO  miktex - Writing D:\MN\langgraph-memory-ai-empire\.tex-env\miktex\data\fonts\map\dvips\builtin35.map...
2026-08-01 14:28:09,632+0700 INFO  miktex - Writing D:\MN\langgraph-memory-ai-empire\.tex-env\miktex\data\fonts\map\dvips\download35.map...
2026-08-01 14:28:09,635+0700 INFO  miktex - Writing D:\MN\langgraph-memory-ai-empire\.tex-env\miktex\data\fonts\map\dvips\ps2pk.map...
2026-08-01 14:28:09,644+0700 INFO  miktex - Writing D:\MN\langgraph-memory-ai-empire\.tex-env\miktex\data\fonts\map\dvips\psfonts_pk.map...
2026-08-01 14:28:09,654+0700 INFO  miktex - Writing D:\MN\langgraph-memory-ai-empire\.tex-env\miktex\data\fonts\map\dvips\psfonts_t1.map...
2026-08-01 14:28:09,666+0700 INFO  miktex - Writing D:\MN\langgraph-memory-ai-empire\.tex-env\miktex\data\fonts\map\pdftex\pdftex_dl14.map...
2026-08-01 14:28:09,677+0700 INFO  miktex - Writing D:\MN\langgraph-memory-ai-empire\.tex-env\miktex\data\fonts\map\pdftex\pdftex_ndl14.map...
2026-08-01 14:28:09,687+0700 INFO  miktex - Copying D:\MN\langgraph-memory-ai-empire\.tex-env\miktex\data\fonts\map\dvips\psfonts_t1.map
2026-08-01 14:28:09,687+0700 INFO  miktex -      to D:\MN\langgraph-memory-ai-empire\.tex-env\miktex\data\fonts\map\dvips\psfonts.map...
2026-08-01 14:28:09,690+0700 INFO  miktex - Copying D:\MN\langgraph-memory-ai-empire\.tex-env\miktex\data\fonts\map\pdftex\pdftex_dl14.map
2026-08-01 14:28:09,690+0700 INFO  miktex -      to D:\MN\langgraph-memory-ai-empire\.tex-env\miktex\data\fonts\map\pdftex\pdftex.map...
2026-08-01 14:28:09,705+0700 INFO  miktex - running: miktex-fc-cache --miktex-disable-maintenance --miktex-disable-diagnose
2026-08-01 14:28:09,705+0700 INFO  miktex.core - start process: miktex-fc-cache --miktex-disable-maintenance --miktex-disable-diagnose
2026-08-01 14:28:10,212+0700 WARN  miktex.core - still open: D:\MN\langgraph-memory-ai-empire\.tex-env\miktex\config\fontconfig\config\fonts.conf
2026-08-01 14:28:10,212+0700 WARN  miktex.core - still open: D:\MiKTeX\fontconfig/config\fonts.conf.in
2026-08-01 14:28:10,212+0700 INFO  miktex - this process (11680) finishes with exit code 0
2026-08-01 14:28:19,684+0700 INFO  miktex - this is One MiKTeX Utility 1.11 (MiKTeX 25.12)
2026-08-01 14:28:19,684+0700 INFO  miktex - this process (1080) started by pdflatex in directory D:\MN\langgraph-memory-ai-empire with command line: miktex fontmaps configure
2026-08-01 14:28:19,685+0700 INFO  miktex - Parsing configuration file D:\MiKTeX\miktex/config\updmap.cfg...
2026-08-01 14:28:19,686+0700 INFO  miktex - Parsing configuration file D:\MN\langgraph-memory-ai-empire\.tex-env\miktex\config\miktex/config\updmap.cfg...
2026-08-01 14:28:20,001+0700 INFO  miktex - Writing D:\MN\langgraph-memory-ai-empire\.tex-env\miktex\data\fonts\map\dvipdfmx\kanjix.map...
2026-08-01 14:28:20,002+0700 INFO  miktex - Writing D:\MN\langgraph-memory-ai-empire\.tex-env\miktex\data\fonts\map\dvips\builtin35.map...
2026-08-01 14:28:20,005+0700 INFO  miktex - Writing D:\MN\langgraph-memory-ai-empire\.tex-env\miktex\data\fonts\map\dvips\download35.map...
2026-08-01 14:28:20,008+0700 INFO  miktex - Writing D:\MN\langgraph-memory-ai-empire\.tex-env\miktex\data\fonts\map\dvips\ps2pk.map...
2026-08-01 14:28:20,017+0700 INFO  miktex - Writing D:\MN\langgraph-memory-ai-empire\.tex-env\miktex\data\fonts\map\dvips\psfonts_pk.map...
2026-08-01 14:28:20,025+0700 INFO  miktex - Writing D:\MN\langgraph-memory-ai-empire\.tex-env\miktex\data\fonts\map\dvips\psfonts_t1.map...
2026-08-01 14:28:20,036+0700 INFO  miktex - Writing D:\MN\langgraph-memory-ai-empire\.tex-env\miktex\data\fonts\map\pdftex\pdftex_dl14.map...
2026-08-01 14:28:20,047+0700 INFO  miktex - Writing D:\MN\langgraph-memory-ai-empire\.tex-env\miktex\data\fonts\map\pdftex\pdftex_ndl14.map...
2026-08-01 14:28:20,056+0700 INFO  miktex - Copying D:\MN\langgraph-memory-ai-empire\.tex-env\miktex\data\fonts\map\dvips\psfonts_t1.map
2026-08-01 14:28:20,057+0700 INFO  miktex -      to D:\MN\langgraph-memory-ai-empire\.tex-env\miktex\data\fonts\map\dvips\psfonts.map...
2026-08-01 14:28:20,059+0700 INFO  miktex - Copying D:\MN\langgraph-memory-ai-empire\.tex-env\miktex\data\fonts\map\pdftex\pdftex_dl14.map
2026-08-01 14:28:20,059+0700 INFO  miktex -      to D:\MN\langgraph-memory-ai-empire\.tex-env\miktex\data\fonts\map\pdftex\pdftex.map...
2026-08-01 14:28:20,074+0700 INFO  miktex - running: miktex-fc-cache --miktex-disable-maintenance --miktex-disable-diagnose
2026-08-01 14:28:20,074+0700 INFO  miktex.core - start process: miktex-fc-cache --miktex-disable-maintenance --miktex-disable-diagnose
2026-08-01 14:28:20,537+0700 WARN  miktex.core - still open: D:\MiKTeX\fontconfig/config\fonts.conf.in
2026-08-01 14:28:20,537+0700 WARN  miktex.core - still open: D:\MN\langgraph-memory-ai-empire\.tex-env\miktex\config\fontconfig\config\fonts.conf
2026-08-01 14:28:20,538+0700 INFO  miktex - this process (1080) finishes with exit code 0
2026-08-01 14:28:29,335+0700 INFO  miktex - this is One MiKTeX Utility 1.11 (MiKTeX 25.12)
2026-08-01 14:28:29,335+0700 INFO  miktex - this process (13516) started by pdflatex in directory D:\MN\langgraph-memory-ai-empire with command line: miktex fontmaps configure
2026-08-01 14:28:29,336+0700 INFO  miktex - Parsing configuration file D:\MiKTeX\miktex/config\updmap.cfg...
2026-08-01 14:28:29,337+0700 INFO  miktex - Parsing configuration file D:\MN\langgraph-memory-ai-empire\.tex-env\miktex\config\miktex/config\updmap.cfg...
2026-08-01 14:28:29,650+0700 INFO  miktex - Writing D:\MN\langgraph-memory-ai-empire\.tex-env\miktex\data\fonts\map\dvipdfmx\kanjix.map...
2026-08-01 14:28:29,651+0700 INFO  miktex - Writing D:\MN\langgraph-memory-ai-empire\.tex-env\miktex\data\fonts\map\dvips\builtin35.map...
2026-08-01 14:28:29,654+0700 INFO  miktex - Writing D:\MN\langgraph-memory-ai-empire\.tex-env\miktex\data\fonts\map\dvips\download35.map...
2026-08-01 14:28:29,657+0700 INFO  miktex - Writing D:\MN\langgraph-memory-ai-empire\.tex-env\miktex\data\fonts\map\dvips\ps2pk.map...
2026-08-01 14:28:29,667+0700 INFO  miktex - Writing D:\MN\langgraph-memory-ai-empire\.tex-env\miktex\data\fonts\map\dvips\psfonts_pk.map...
2026-08-01 14:28:29,674+0700 INFO  miktex - Writing D:\MN\langgraph-memory-ai-empire\.tex-env\miktex\data\fonts\map\dvips\psfonts_t1.map...
2026-08-01 14:28:29,687+0700 INFO  miktex - Writing D:\MN\langgraph-memory-ai-empire\.tex-env\miktex\data\fonts\map\pdftex\pdftex_dl14.map...
2026-08-01 14:28:29,698+0700 INFO  miktex - Writing D:\MN\langgraph-memory-ai-empire\.tex-env\miktex\data\fonts\map\pdftex\pdftex_ndl14.map...
2026-08-01 14:28:29,709+0700 INFO  miktex - Copying D:\MN\langgraph-memory-ai-empire\.tex-env\miktex\data\fonts\map\dvips\psfonts_t1.map
2026-08-01 14:28:29,709+0700 INFO  miktex -      to D:\MN\langgraph-memory-ai-empire\.tex-env\miktex\data\fonts\map\dvips\psfonts.map...
2026-08-01 14:28:29,713+0700 INFO  miktex - Copying D:\MN\langgraph-memory-ai-empire\.tex-env\miktex\data\fonts\map\pdftex\pdftex_dl14.map
2026-08-01 14:28:29,713+0700 INFO  miktex -      to D:\MN\langgraph-memory-ai-empire\.tex-env\miktex\data\fonts\map\pdftex\pdftex.map...
2026-08-01 14:28:29,727+0700 INFO  miktex - running: miktex-fc-cache --miktex-disable-maintenance --miktex-disable-diagnose
2026-08-01 14:28:29,727+0700 INFO  miktex.core - start process: miktex-fc-cache --miktex-disable-maintenance --miktex-disable-diagnose
2026-08-01 14:28:30,227+0700 WARN  miktex.core - still open: D:\MiKTeX\fontconfig/config\fonts.conf.in
2026-08-01 14:28:30,227+0700 WARN  miktex.core - still open: D:\MN\langgraph-memory-ai-empire\.tex-env\miktex\config\fontconfig\config\fonts.conf
2026-08-01 14:28:30,228+0700 INFO  miktex - this process (13516) finishes with exit code 0
2026-08-01 14:28:33,998+0700 INFO  miktex - this is One MiKTeX Utility 1.11 (MiKTeX 25.12)
2026-08-01 14:28:33,998+0700 INFO  miktex - this process (16100) started by pdflatex in directory D:\MN\langgraph-memory-ai-empire with command line: miktex fontmaps configure
2026-08-01 14:28:33,999+0700 INFO  miktex - Parsing configuration file D:\MiKTeX\miktex/config\updmap.cfg...
2026-08-01 14:28:34,000+0700 INFO  miktex - Parsing configuration file D:\MN\langgraph-memory-ai-empire\.tex-env\miktex\config\miktex/config\updmap.cfg...
2026-08-01 14:28:34,194+0700 INFO  miktex - Writing D:\MN\langgraph-memory-ai-empire\.tex-env\miktex\data\fonts\map\dvipdfmx\kanjix.map...
2026-08-01 14:28:34,195+0700 INFO  miktex - Writing D:\MN\langgraph-memory-ai-empire\.tex-env\miktex\data\fonts\map\dvips\builtin35.map...
2026-08-01 14:28:34,198+0700 INFO  miktex - Writing D:\MN\langgraph-memory-ai-empire\.tex-env\miktex\data\fonts\map\dvips\download35.map...
2026-08-01 14:28:34,202+0700 INFO  miktex - Writing D:\MN\langgraph-memory-ai-empire\.tex-env\miktex\data\fonts\map\dvips\ps2pk.map...
2026-08-01 14:28:34,211+0700 INFO  miktex - Writing D:\MN\langgraph-memory-ai-empire\.tex-env\miktex\data\fonts\map\dvips\psfonts_pk.map...
2026-08-01 14:28:34,219+0700 INFO  miktex - Writing D:\MN\langgraph-memory-ai-empire\.tex-env\miktex\data\fonts\map\dvips\psfonts_t1.map...
2026-08-01 14:28:34,230+0700 INFO  miktex - Writing D:\MN\langgraph-memory-ai-empire\.tex-env\miktex\data\fonts\map\pdftex\pdftex_dl14.map...
2026-08-01 14:28:34,240+0700 INFO  miktex - Writing D:\MN\langgraph-memory-ai-empire\.tex-env\miktex\data\fonts\map\pdftex\pdftex_ndl14.map...
2026-08-01 14:28:34,249+0700 INFO  miktex - Copying D:\MN\langgraph-memory-ai-empire\.tex-env\miktex\data\fonts\map\dvips\psfonts_t1.map
2026-08-01 14:28:34,250+0700 INFO  miktex -      to D:\MN\langgraph-memory-ai-empire\.tex-env\miktex\data\fonts\map\dvips\psfonts.map...
2026-08-01 14:28:34,252+0700 INFO  miktex - Copying D:\MN\langgraph-memory-ai-empire\.tex-env\miktex\data\fonts\map\pdftex\pdftex_dl14.map
2026-08-01 14:28:34,252+0700 INFO  miktex -      to D:\MN\langgraph-memory-ai-empire\.tex-env\miktex\data\fonts\map\pdftex\pdftex.map...
2026-08-01 14:28:34,269+0700 INFO  miktex - running: miktex-fc-cache --miktex-disable-maintenance --miktex-disable-diagnose
2026-08-01 14:28:34,269+0700 INFO  miktex.core - start process: miktex-fc-cache --miktex-disable-maintenance --miktex-disable-diagnose
2026-08-01 14:28:34,782+0700 WARN  miktex.core - still open: D:\MiKTeX\fontconfig/config\fonts.conf.in
2026-08-01 14:28:34,782+0700 WARN  miktex.core - still open: D:\MN\langgraph-memory-ai-empire\.tex-env\miktex\config\fontconfig\config\fonts.conf
2026-08-01 14:28:34,783+0700 INFO  miktex - this process (16100) finishes with exit code 0
2026-08-01 14:28:37,389+0700 INFO  miktex - this is One MiKTeX Utility 1.11 (MiKTeX 25.12)
2026-08-01 14:28:37,389+0700 INFO  miktex - this process (5536) started by pdflatex in directory D:\MN\langgraph-memory-ai-empire with command line: miktex fontmaps configure
2026-08-01 14:28:37,389+0700 INFO  miktex - Parsing configuration file D:\MiKTeX\miktex/config\updmap.cfg...
2026-08-01 14:28:37,391+0700 INFO  miktex - Parsing configuration file D:\MN\langgraph-memory-ai-empire\.tex-env\miktex\config\miktex/config\updmap.cfg...
2026-08-01 14:28:37,833+0700 INFO  miktex - Writing D:\MN\langgraph-memory-ai-empire\.tex-env\miktex\data\fonts\map\dvipdfmx\kanjix.map...
2026-08-01 14:28:37,835+0700 INFO  miktex - Writing D:\MN\langgraph-memory-ai-empire\.tex-env\miktex\data\fonts\map\dvips\builtin35.map...
2026-08-01 14:28:37,839+0700 INFO  miktex - Writing D:\MN\langgraph-memory-ai-empire\.tex-env\miktex\data\fonts\map\dvips\download35.map...
2026-08-01 14:28:37,846+0700 INFO  miktex - Writing D:\MN\langgraph-memory-ai-empire\.tex-env\miktex\data\fonts\map\dvips\ps2pk.map...
2026-08-01 14:28:37,867+0700 INFO  miktex - Writing D:\MN\langgraph-memory-ai-empire\.tex-env\miktex\data\fonts\map\dvips\psfonts_pk.map...
2026-08-01 14:28:37,880+0700 INFO  miktex - Writing D:\MN\langgraph-memory-ai-empire\.tex-env\miktex\data\fonts\map\dvips\psfonts_t1.map...
2026-08-01 14:28:37,906+0700 INFO  miktex - Writing D:\MN\langgraph-memory-ai-empire\.tex-env\miktex\data\fonts\map\pdftex\pdftex_dl14.map...
2026-08-01 14:28:37,928+0700 INFO  miktex - Writing D:\MN\langgraph-memory-ai-empire\.tex-env\miktex\data\fonts\map\pdftex\pdftex_ndl14.map...
2026-08-01 14:28:37,945+0700 INFO  miktex - Copying D:\MN\langgraph-memory-ai-empire\.tex-env\miktex\data\fonts\map\dvips\psfonts_t1.map
2026-08-01 14:28:37,945+0700 INFO  miktex -      to D:\MN\langgraph-memory-ai-empire\.tex-env\miktex\data\fonts\map\dvips\psfonts.map...
2026-08-01 14:28:37,950+0700 INFO  miktex - Copying D:\MN\langgraph-memory-ai-empire\.tex-env\miktex\data\fonts\map\pdftex\pdftex_dl14.map
2026-08-01 14:28:37,950+0700 INFO  miktex -      to D:\MN\langgraph-memory-ai-empire\.tex-env\miktex\data\fonts\map\pdftex\pdftex.map...
2026-08-01 14:28:37,969+0700 INFO  miktex - running: miktex-fc-cache --miktex-disable-maintenance --miktex-disable-diagnose
2026-08-01 14:28:37,970+0700 INFO  miktex.core - start process: miktex-fc-cache --miktex-disable-maintenance --miktex-disable-diagnose
2026-08-01 14:28:38,584+0700 WARN  miktex.core - still open: D:\MN\langgraph-memory-ai-empire\.tex-env\miktex\config\fontconfig\config\fonts.conf
2026-08-01 14:28:38,584+0700 WARN  miktex.core - still open: D:\MiKTeX\fontconfig/config\fonts.conf.in
2026-08-01 14:28:38,584+0700 INFO  miktex - this process (5536) finishes with exit code 0
2026-08-01 14:28:42,054+0700 INFO  miktex - this is One MiKTeX Utility 1.11 (MiKTeX 25.12)
2026-08-01 14:28:42,055+0700 INFO  miktex - this process (14096) started by pdflatex in directory D:\MN\langgraph-memory-ai-empire with command line: miktex fontmaps configure
2026-08-01 14:28:42,056+0700 INFO  miktex - Parsing configuration file D:\MiKTeX\miktex/config\updmap.cfg...
2026-08-01 14:28:42,058+0700 INFO  miktex - Parsing configuration file D:\MN\langgraph-memory-ai-empire\.tex-env\miktex\config\miktex/config\updmap.cfg...
2026-08-01 14:28:42,354+0700 INFO  miktex - Writing D:\MN\langgraph-memory-ai-empire\.tex-env\miktex\data\fonts\map\dvipdfmx\kanjix.map...
2026-08-01 14:28:42,355+0700 INFO  miktex - Writing D:\MN\langgraph-memory-ai-empire\.tex-env\miktex\data\fonts\map\dvips\builtin35.map...
2026-08-01 14:28:42,357+0700 INFO  miktex - Writing D:\MN\langgraph-memory-ai-empire\.tex-env\miktex\data\fonts\map\dvips\download35.map...
2026-08-01 14:28:42,360+0700 INFO  miktex - Writing D:\MN\langgraph-memory-ai-empire\.tex-env\miktex\data\fonts\map\dvips\ps2pk.map...
2026-08-01 14:28:42,369+0700 INFO  miktex - Writing D:\MN\langgraph-memory-ai-empire\.tex-env\miktex\data\fonts\map\dvips\psfonts_pk.map...
2026-08-01 14:28:42,378+0700 INFO  miktex - Writing D:\MN\langgraph-memory-ai-empire\.tex-env\miktex\data\fonts\map\dvips\psfonts_t1.map...
2026-08-01 14:28:42,391+0700 INFO  miktex - Writing D:\MN\langgraph-memory-ai-empire\.tex-env\miktex\data\fonts\map\pdftex\pdftex_dl14.map...
2026-08-01 14:28:42,401+0700 INFO  miktex - Writing D:\MN\langgraph-memory-ai-empire\.tex-env\miktex\data\fonts\map\pdftex\pdftex_ndl14.map...
2026-08-01 14:28:42,411+0700 INFO  miktex - Copying D:\MN\langgraph-memory-ai-empire\.tex-env\miktex\data\fonts\map\dvips\psfonts_t1.map
2026-08-01 14:28:42,411+0700 INFO  miktex -      to D:\MN\langgraph-memory-ai-empire\.tex-env\miktex\data\fonts\map\dvips\psfonts.map...
2026-08-01 14:28:42,413+0700 INFO  miktex - Copying D:\MN\langgraph-memory-ai-empire\.tex-env\miktex\data\fonts\map\pdftex\pdftex_dl14.map
2026-08-01 14:28:42,413+0700 INFO  miktex -      to D:\MN\langgraph-memory-ai-empire\.tex-env\miktex\data\fonts\map\pdftex\pdftex.map...
2026-08-01 14:28:42,427+0700 INFO  miktex - running: miktex-fc-cache --miktex-disable-maintenance --miktex-disable-diagnose
2026-08-01 14:28:42,427+0700 INFO  miktex.core - start process: miktex-fc-cache --miktex-disable-maintenance --miktex-disable-diagnose
2026-08-01 14:28:42,980+0700 WARN  miktex.core - still open: D:\MiKTeX\fontconfig/config\fonts.conf.in
2026-08-01 14:28:42,980+0700 WARN  miktex.core - still open: D:\MN\langgraph-memory-ai-empire\.tex-env\miktex\config\fontconfig\config\fonts.conf
2026-08-01 14:28:42,981+0700 INFO  miktex - this process (14096) finishes with exit code 0
2026-08-01 14:28:46,403+0700 INFO  miktex - this is One MiKTeX Utility 1.11 (MiKTeX 25.12)
2026-08-01 14:28:46,404+0700 INFO  miktex - this process (1272) started by pdflatex in directory D:\MN\langgraph-memory-ai-empire with command line: miktex fontmaps configure
2026-08-01 14:28:46,404+0700 INFO  miktex - Parsing configuration file D:\MiKTeX\miktex/config\updmap.cfg...
2026-08-01 14:28:46,406+0700 INFO  miktex - Parsing configuration file D:\MN\langgraph-memory-ai-empire\.tex-env\miktex\config\miktex/config\updmap.cfg...
2026-08-01 14:28:46,647+0700 INFO  miktex - Writing D:\MN\langgraph-memory-ai-empire\.tex-env\miktex\data\fonts\map\dvipdfmx\kanjix.map...
2026-08-01 14:28:46,648+0700 INFO  miktex - Writing D:\MN\langgraph-memory-ai-empire\.tex-env\miktex\data\fonts\map\dvips\builtin35.map...
2026-08-01 14:28:46,650+0700 INFO  miktex - Writing D:\MN\langgraph-memory-ai-empire\.tex-env\miktex\data\fonts\map\dvips\download35.map...
2026-08-01 14:28:46,652+0700 INFO  miktex - Writing D:\MN\langgraph-memory-ai-empire\.tex-env\miktex\data\fonts\map\dvips\ps2pk.map...
2026-08-01 14:28:46,661+0700 INFO  miktex - Writing D:\MN\langgraph-memory-ai-empire\.tex-env\miktex\data\fonts\map\dvips\psfonts_pk.map...
2026-08-01 14:28:46,669+0700 INFO  miktex - Writing D:\MN\langgraph-memory-ai-empire\.tex-env\miktex\data\fonts\map\dvips\psfonts_t1.map...
2026-08-01 14:28:46,680+0700 INFO  miktex - Writing D:\MN\langgraph-memory-ai-empire\.tex-env\miktex\data\fonts\map\pdftex\pdftex_dl14.map...
2026-08-01 14:28:46,690+0700 INFO  miktex - Writing D:\MN\langgraph-memory-ai-empire\.tex-env\miktex\data\fonts\map\pdftex\pdftex_ndl14.map...
2026-08-01 14:28:46,699+0700 INFO  miktex - Copying D:\MN\langgraph-memory-ai-empire\.tex-env\miktex\data\fonts\map\dvips\psfonts_t1.map
2026-08-01 14:28:46,699+0700 INFO  miktex -      to D:\MN\langgraph-memory-ai-empire\.tex-env\miktex\data\fonts\map\dvips\psfonts.map...
2026-08-01 14:28:46,701+0700 INFO  miktex - Copying D:\MN\langgraph-memory-ai-empire\.tex-env\miktex\data\fonts\map\pdftex\pdftex_dl14.map
2026-08-01 14:28:46,701+0700 INFO  miktex -      to D:\MN\langgraph-memory-ai-empire\.tex-env\miktex\data\fonts\map\pdftex\pdftex.map...
2026-08-01 14:28:46,715+0700 INFO  miktex - running: miktex-fc-cache --miktex-disable-maintenance --miktex-disable-diagnose
2026-08-01 14:28:46,715+0700 INFO  miktex.core - start process: miktex-fc-cache --miktex-disable-maintenance --miktex-disable-diagnose
2026-08-01 14:28:47,208+0700 WARN  miktex.core - still open: D:\MN\langgraph-memory-ai-empire\.tex-env\miktex\config\fontconfig\config\fonts.conf
2026-08-01 14:28:47,208+0700 WARN  miktex.core - still open: D:\MiKTeX\fontconfig/config\fonts.conf.in
2026-08-01 14:28:47,209+0700 INFO  miktex - this process (1272) finishes with exit code 0
2026-08-01 14:28:50,648+0700 INFO  miktex - this is One MiKTeX Utility 1.11 (MiKTeX 25.12)
2026-08-01 14:28:50,648+0700 INFO  miktex - this process (1140) started by pdflatex in directory D:\MN\langgraph-memory-ai-empire with command line: miktex fontmaps configure
2026-08-01 14:28:50,649+0700 INFO  miktex - Parsing configuration file D:\MiKTeX\miktex/config\updmap.cfg...
2026-08-01 14:28:50,651+0700 INFO  miktex - Parsing configuration file D:\MN\langgraph-memory-ai-empire\.tex-env\miktex\config\miktex/config\updmap.cfg...
2026-08-01 14:28:50,954+0700 INFO  miktex - Writing D:\MN\langgraph-memory-ai-empire\.tex-env\miktex\data\fonts\map\dvipdfmx\kanjix.map...
2026-08-01 14:28:50,956+0700 INFO  miktex - Writing D:\MN\langgraph-memory-ai-empire\.tex-env\miktex\data\fonts\map\dvips\builtin35.map...
2026-08-01 14:28:50,958+0700 INFO  miktex - Writing D:\MN\langgraph-memory-ai-empire\.tex-env\miktex\data\fonts\map\dvips\download35.map...
2026-08-01 14:28:50,961+0700 INFO  miktex - Writing D:\MN\langgraph-memory-ai-empire\.tex-env\miktex\data\fonts\map\dvips\ps2pk.map...
2026-08-01 14:28:50,970+0700 INFO  miktex - Writing D:\MN\langgraph-memory-ai-empire\.tex-env\miktex\data\fonts\map\dvips\psfonts_pk.map...
2026-08-01 14:28:50,977+0700 INFO  miktex - Writing D:\MN\langgraph-memory-ai-empire\.tex-env\miktex\data\fonts\map\dvips\psfonts_t1.map...
2026-08-01 14:28:50,990+0700 INFO  miktex - Writing D:\MN\langgraph-memory-ai-empire\.tex-env\miktex\data\fonts\map\pdftex\pdftex_dl14.map...
2026-08-01 14:28:51,001+0700 INFO  miktex - Writing D:\MN\langgraph-memory-ai-empire\.tex-env\miktex\data\fonts\map\pdftex\pdftex_ndl14.map...
2026-08-01 14:28:51,012+0700 INFO  miktex - Copying D:\MN\langgraph-memory-ai-empire\.tex-env\miktex\data\fonts\map\dvips\psfonts_t1.map
2026-08-01 14:28:51,012+0700 INFO  miktex -      to D:\MN\langgraph-memory-ai-empire\.tex-env\miktex\data\fonts\map\dvips\psfonts.map...
2026-08-01 14:28:51,016+0700 INFO  miktex - Copying D:\MN\langgraph-memory-ai-empire\.tex-env\miktex\data\fonts\map\pdftex\pdftex_dl14.map
2026-08-01 14:28:51,016+0700 INFO  miktex -      to D:\MN\langgraph-memory-ai-empire\.tex-env\miktex\data\fonts\map\pdftex\pdftex.map...
2026-08-01 14:28:51,032+0700 INFO  miktex - running: miktex-fc-cache --miktex-disable-maintenance --miktex-disable-diagnose
2026-08-01 14:28:51,032+0700 INFO  miktex.core - start process: miktex-fc-cache --miktex-disable-maintenance --miktex-disable-diagnose
2026-08-01 14:28:51,526+0700 WARN  miktex.core - still open: D:\MN\langgraph-memory-ai-empire\.tex-env\miktex\config\fontconfig\config\fonts.conf
2026-08-01 14:28:51,526+0700 WARN  miktex.core - still open: D:\MiKTeX\fontconfig/config\fonts.conf.in
2026-08-01 14:28:51,526+0700 INFO  miktex - this process (1140) finishes with exit code 0
2026-08-01 14:28:55,634+0700 INFO  miktex - this is One MiKTeX Utility 1.11 (MiKTeX 25.12)
2026-08-01 14:28:55,634+0700 INFO  miktex - this process (12140) started by pdflatex in directory D:\MN\langgraph-memory-ai-empire with command line: miktex fontmaps configure
2026-08-01 14:28:55,635+0700 INFO  miktex - Parsing configuration file D:\MiKTeX\miktex/config\updmap.cfg...
2026-08-01 14:28:55,637+0700 INFO  miktex - Parsing configuration file D:\MN\langgraph-memory-ai-empire\.tex-env\miktex\config\miktex/config\updmap.cfg...
2026-08-01 14:28:55,914+0700 INFO  miktex - Writing D:\MN\langgraph-memory-ai-empire\.tex-env\miktex\data\fonts\map\dvipdfmx\kanjix.map...
2026-08-01 14:28:55,915+0700 INFO  miktex - Writing D:\MN\langgraph-memory-ai-empire\.tex-env\miktex\data\fonts\map\dvips\builtin35.map...
2026-08-01 14:28:55,917+0700 INFO  miktex - Writing D:\MN\langgraph-memory-ai-empire\.tex-env\miktex\data\fonts\map\dvips\download35.map...
2026-08-01 14:28:55,920+0700 INFO  miktex - Writing D:\MN\langgraph-memory-ai-empire\.tex-env\miktex\data\fonts\map\dvips\ps2pk.map...
2026-08-01 14:28:55,929+0700 INFO  miktex - Writing D:\MN\langgraph-memory-ai-empire\.tex-env\miktex\data\fonts\map\dvips\psfonts_pk.map...
2026-08-01 14:28:55,937+0700 INFO  miktex - Writing D:\MN\langgraph-memory-ai-empire\.tex-env\miktex\data\fonts\map\dvips\psfonts_t1.map...
2026-08-01 14:28:55,948+0700 INFO  miktex - Writing D:\MN\langgraph-memory-ai-empire\.tex-env\miktex\data\fonts\map\pdftex\pdftex_dl14.map...
2026-08-01 14:28:55,959+0700 INFO  miktex - Writing D:\MN\langgraph-memory-ai-empire\.tex-env\miktex\data\fonts\map\pdftex\pdftex_ndl14.map...
2026-08-01 14:28:55,969+0700 INFO  miktex - Copying D:\MN\langgraph-memory-ai-empire\.tex-env\miktex\data\fonts\map\dvips\psfonts_t1.map
2026-08-01 14:28:55,969+0700 INFO  miktex -      to D:\MN\langgraph-memory-ai-empire\.tex-env\miktex\data\fonts\map\dvips\psfonts.map...
2026-08-01 14:28:55,972+0700 INFO  miktex - Copying D:\MN\langgraph-memory-ai-empire\.tex-env\miktex\data\fonts\map\pdftex\pdftex_dl14.map
2026-08-01 14:28:55,972+0700 INFO  miktex -      to D:\MN\langgraph-memory-ai-empire\.tex-env\miktex\data\fonts\map\pdftex\pdftex.map...
2026-08-01 14:28:55,986+0700 INFO  miktex - running: miktex-fc-cache --miktex-disable-maintenance --miktex-disable-diagnose
2026-08-01 14:28:55,986+0700 INFO  miktex.core - start process: miktex-fc-cache --miktex-disable-maintenance --miktex-disable-diagnose
2026-08-01 14:28:56,466+0700 WARN  miktex.core - still open: D:\MN\langgraph-memory-ai-empire\.tex-env\miktex\config\fontconfig\config\fonts.conf
2026-08-01 14:28:56,466+0700 WARN  miktex.core - still open: D:\MiKTeX\fontconfig/config\fonts.conf.in
2026-08-01 14:28:56,467+0700 INFO  miktex - this process (12140) finishes with exit code 0
2026-08-01 14:29:00,867+0700 INFO  miktex - this is One MiKTeX Utility 1.11 (MiKTeX 25.12)
2026-08-01 14:29:00,867+0700 INFO  miktex - this process (6436) started by pdflatex in directory D:\MN\langgraph-memory-ai-empire with command line: miktex fontmaps configure
2026-08-01 14:29:00,868+0700 INFO  miktex - Parsing configuration file D:\MiKTeX\miktex/config\updmap.cfg...
2026-08-01 14:29:00,869+0700 INFO  miktex - Parsing configuration file D:\MN\langgraph-memory-ai-empire\.tex-env\miktex\config\miktex/config\updmap.cfg...
2026-08-01 14:29:01,079+0700 INFO  miktex - Writing D:\MN\langgraph-memory-ai-empire\.tex-env\miktex\data\fonts\map\dvipdfmx\kanjix.map...
2026-08-01 14:29:01,080+0700 INFO  miktex - Writing D:\MN\langgraph-memory-ai-empire\.tex-env\miktex\data\fonts\map\dvips\builtin35.map...
2026-08-01 14:29:01,084+0700 INFO  miktex - Writing D:\MN\langgraph-memory-ai-empire\.tex-env\miktex\data\fonts\map\dvips\download35.map...
2026-08-01 14:29:01,087+0700 INFO  miktex - Writing D:\MN\langgraph-memory-ai-empire\.tex-env\miktex\data\fonts\map\dvips\ps2pk.map...
2026-08-01 14:29:01,100+0700 INFO  miktex - Writing D:\MN\langgraph-memory-ai-empire\.tex-env\miktex\data\fonts\map\dvips\psfonts_pk.map...
2026-08-01 14:29:01,117+0700 INFO  miktex - Writing D:\MN\langgraph-memory-ai-empire\.tex-env\miktex\data\fonts\map\dvips\psfonts_t1.map...
2026-08-01 14:29:01,131+0700 INFO  miktex - Writing D:\MN\langgraph-memory-ai-empire\.tex-env\miktex\data\fonts\map\pdftex\pdftex_dl14.map...
2026-08-01 14:29:01,147+0700 INFO  miktex - Writing D:\MN\langgraph-memory-ai-empire\.tex-env\miktex\data\fonts\map\pdftex\pdftex_ndl14.map...
2026-08-01 14:29:01,166+0700 INFO  miktex - Copying D:\MN\langgraph-memory-ai-empire\.tex-env\miktex\data\fonts\map\dvips\psfonts_t1.map
2026-08-01 14:29:01,166+0700 INFO  miktex -      to D:\MN\langgraph-memory-ai-empire\.tex-env\miktex\data\fonts\map\dvips\psfonts.map...
2026-08-01 14:29:01,170+0700 INFO  miktex - Copying D:\MN\langgraph-memory-ai-empire\.tex-env\miktex\data\fonts\map\pdftex\pdftex_dl14.map
2026-08-01 14:29:01,170+0700 INFO  miktex -      to D:\MN\langgraph-memory-ai-empire\.tex-env\miktex\data\fonts\map\pdftex\pdftex.map...
2026-08-01 14:29:01,188+0700 INFO  miktex - running: miktex-fc-cache --miktex-disable-maintenance --miktex-disable-diagnose
2026-08-01 14:29:01,188+0700 INFO  miktex.core - start process: miktex-fc-cache --miktex-disable-maintenance --miktex-disable-diagnose
2026-08-01 14:29:01,794+0700 WARN  miktex.core - still open: D:\MN\langgraph-memory-ai-empire\.tex-env\miktex\config\fontconfig\config\fonts.conf
2026-08-01 14:29:01,794+0700 WARN  miktex.core - still open: D:\MiKTeX\fontconfig/config\fonts.conf.in
2026-08-01 14:29:01,794+0700 INFO  miktex - this process (6436) finishes with exit code 0
2026-08-01 14:29:05,899+0700 INFO  miktex - this is One MiKTeX Utility 1.11 (MiKTeX 25.12)
2026-08-01 14:29:05,899+0700 INFO  miktex - this process (3332) started by pdflatex in directory D:\MN\langgraph-memory-ai-empire with command line: miktex fontmaps configure
2026-08-01 14:29:05,900+0700 INFO  miktex - Parsing configuration file D:\MiKTeX\miktex/config\updmap.cfg...
2026-08-01 14:29:05,901+0700 INFO  miktex - Parsing configuration file D:\MN\langgraph-memory-ai-empire\.tex-env\miktex\config\miktex/config\updmap.cfg...
2026-08-01 14:29:06,082+0700 INFO  miktex - Writing D:\MN\langgraph-memory-ai-empire\.tex-env\miktex\data\fonts\map\dvipdfmx\kanjix.map...
2026-08-01 14:29:06,083+0700 INFO  miktex - Writing D:\MN\langgraph-memory-ai-empire\.tex-env\miktex\data\fonts\map\dvips\builtin35.map...
2026-08-01 14:29:06,086+0700 INFO  miktex - Writing D:\MN\langgraph-memory-ai-empire\.tex-env\miktex\data\fonts\map\dvips\download35.map...
2026-08-01 14:29:06,088+0700 INFO  miktex - Writing D:\MN\langgraph-memory-ai-empire\.tex-env\miktex\data\fonts\map\dvips\ps2pk.map...
2026-08-01 14:29:06,096+0700 INFO  miktex - Writing D:\MN\langgraph-memory-ai-empire\.tex-env\miktex\data\fonts\map\dvips\psfonts_pk.map...
2026-08-01 14:29:06,105+0700 INFO  miktex - Writing D:\MN\langgraph-memory-ai-empire\.tex-env\miktex\data\fonts\map\dvips\psfonts_t1.map...
2026-08-01 14:29:06,115+0700 INFO  miktex - Writing D:\MN\langgraph-memory-ai-empire\.tex-env\miktex\data\fonts\map\pdftex\pdftex_dl14.map...
2026-08-01 14:29:06,127+0700 INFO  miktex - Writing D:\MN\langgraph-memory-ai-empire\.tex-env\miktex\data\fonts\map\pdftex\pdftex_ndl14.map...
2026-08-01 14:29:06,137+0700 INFO  miktex - Copying D:\MN\langgraph-memory-ai-empire\.tex-env\miktex\data\fonts\map\dvips\psfonts_t1.map
2026-08-01 14:29:06,137+0700 INFO  miktex -      to D:\MN\langgraph-memory-ai-empire\.tex-env\miktex\data\fonts\map\dvips\psfonts.map...
2026-08-01 14:29:06,141+0700 INFO  miktex - Copying D:\MN\langgraph-memory-ai-empire\.tex-env\miktex\data\fonts\map\pdftex\pdftex_dl14.map
2026-08-01 14:29:06,141+0700 INFO  miktex -      to D:\MN\langgraph-memory-ai-empire\.tex-env\miktex\data\fonts\map\pdftex\pdftex.map...
2026-08-01 14:29:06,154+0700 INFO  miktex - running: miktex-fc-cache --miktex-disable-maintenance --miktex-disable-diagnose
2026-08-01 14:29:06,155+0700 INFO  miktex.core - start process: miktex-fc-cache --miktex-disable-maintenance --miktex-disable-diagnose
2026-08-01 14:29:06,640+0700 WARN  miktex.core - still open: D:\MN\langgraph-memory-ai-empire\.tex-env\miktex\config\fontconfig\config\fonts.conf
2026-08-01 14:29:06,640+0700 WARN  miktex.core - still open: D:\MiKTeX\fontconfig/config\fonts.conf.in
2026-08-01 14:29:06,641+0700 INFO  miktex - this process (3332) finishes with exit code 0
2026-08-01 14:29:55,081+0700 INFO  miktex - this is One MiKTeX Utility 1.11 (MiKTeX 25.12)
2026-08-01 14:29:55,081+0700 INFO  miktex - this process (11408) started by pdflatex in directory D:\MN\langgraph-memory-ai-empire with command line: miktex --enable-installer formats build pdflatex --engine pdftex
2026-08-01 14:29:55,087+0700 INFO  miktex - Building format 'pdflatex' with engine 'pdftex'...
2026-08-01 14:29:55,090+0700 INFO  miktex.core - start process: miktex-makefmt.exe --engine=pdftex --dest-name=pdflatex --no-dump pdflatex.ini --engine-option=-tcx=cp227.tcx --enable-installer --miktex-disable-maintenance --miktex-disable-diagnose
2026-08-01 14:30:07,523+0700 INFO  miktex - this process (11408) finishes with exit code 0
2026-08-01 14:31:01,677+0700 INFO  miktex - this is One MiKTeX Utility 1.11 (MiKTeX 25.12)
2026-08-01 14:31:01,678+0700 INFO  miktex - this process (17156) started by pdflatex in directory D:\MN\langgraph-memory-ai-empire with command line: miktex --enable-installer formats build pdflatex --engine pdftex
2026-08-01 14:31:01,683+0700 INFO  miktex - Building format 'pdflatex' with engine 'pdftex'...
2026-08-01 14:31:01,686+0700 INFO  miktex.core - start process: miktex-makefmt.exe --engine=pdftex --dest-name=pdflatex --no-dump pdflatex.ini --engine-option=-tcx=cp227.tcx --enable-installer --miktex-disable-maintenance --miktex-disable-diagnose
2026-08-01 14:31:13,780+0700 INFO  miktex - this process (17156) finishes with exit code 0
2026-08-01 14:32:35,832+0700 INFO  miktex - this is One MiKTeX Utility 1.11 (MiKTeX 25.12)
2026-08-01 14:32:35,833+0700 INFO  miktex - this process (3692) started by pdflatex in directory D:\MN\langgraph-memory-ai-empire with command line: miktex --enable-installer formats build pdflatex --engine pdftex
2026-08-01 14:32:35,836+0700 INFO  miktex - Building format 'pdflatex' with engine 'pdftex'...
2026-08-01 14:32:35,839+0700 INFO  miktex.core - start process: miktex-makefmt.exe --engine=pdftex --dest-name=pdflatex --no-dump pdflatex.ini --engine-option=-tcx=cp227.tcx --enable-installer --miktex-disable-maintenance --miktex-disable-diagnose
2026-08-01 14:32:49,653+0700 INFO  miktex - this process (3692) finishes with exit code 0
2026-08-01 14:34:21,960+0700 INFO  miktex - this is One MiKTeX Utility 1.11 (MiKTeX 25.12)
2026-08-01 14:34:21,960+0700 INFO  miktex - this process (6072) started by pdflatex in directory D:\MN\langgraph-memory-ai-empire with command line: miktex --enable-installer formats build pdflatex --engine pdftex
2026-08-01 14:34:21,964+0700 INFO  miktex - Building format 'pdflatex' with engine 'pdftex'...
2026-08-01 14:34:21,968+0700 INFO  miktex.core - start process: miktex-makefmt.exe --engine=pdftex --dest-name=pdflatex --no-dump pdflatex.ini --engine-option=-tcx=cp227.tcx --enable-installer --miktex-disable-maintenance --miktex-disable-diagnose
2026-08-01 14:34:34,849+0700 INFO  miktex - this process (6072) finishes with exit code 0
2026-08-01 14:45:42,623+0700 INFO  miktex - this is One MiKTeX Utility 1.11 (MiKTeX 25.12)
2026-08-01 14:45:42,623+0700 INFO  miktex - this process (5888) started by pdflatex in directory D:\MN\langgraph-memory-ai-empire with command line: miktex --enable-installer formats build pdflatex --engine pdftex
2026-08-01 14:45:42,628+0700 INFO  miktex - Building format 'pdflatex' with engine 'pdftex'...
2026-08-01 14:45:42,631+0700 INFO  miktex.core - start process: miktex-makefmt.exe --engine=pdftex --dest-name=pdflatex --no-dump pdflatex.ini --engine-option=-tcx=cp227.tcx --enable-installer --miktex-disable-maintenance --miktex-disable-diagnose
2026-08-01 14:46:08,322+0700 INFO  miktex - this process (5888) finishes with exit code 0
2026-08-01 14:47:55,715+0700 INFO  miktex - this is One MiKTeX Utility 1.11 (MiKTeX 25.12)
2026-08-01 14:47:55,716+0700 INFO  miktex - this process (15772) started by miktex-mf in directory C:\Users\Windows\AppData\Local\Temp\mik33321 with command line: miktex --enable-installer formats build mf
2026-08-01 14:47:55,721+0700 INFO  miktex - Building format 'mf' with engine 'mf'...
2026-08-01 14:47:55,727+0700 INFO  miktex.core - start process: miktex-makebase.exe --dest-name=mf --no-dump mf.ini --engine-option=-tcx=cp227.tcx --enable-installer --miktex-disable-maintenance --miktex-disable-diagnose
2026-08-01 14:47:57,215+0700 INFO  miktex - this process (15772) finishes with exit code 0
2026-08-01 14:52:08,704+0700 INFO  miktex - this is One MiKTeX Utility 1.11 (MiKTeX 25.12)
2026-08-01 14:52:08,704+0700 INFO  miktex - this process (6552) started by pdflatex in directory D:\MN\langgraph-memory-ai-empire with command line: miktex --enable-installer formats build pdflatex --engine pdftex
2026-08-01 14:52:08,710+0700 INFO  miktex - Building format 'pdflatex' with engine 'pdftex'...
2026-08-01 14:52:08,713+0700 INFO  miktex.core - start process: miktex-makefmt.exe --engine=pdftex --dest-name=pdflatex --no-dump pdflatex.ini --engine-option=-tcx=cp227.tcx --enable-installer --miktex-disable-maintenance --miktex-disable-diagnose
2026-08-01 14:52:23,754+0700 INFO  miktex - this process (6552) finishes with exit code 0
2026-08-01 14:56:48,740+0700 INFO  miktex - this is One MiKTeX Utility 1.11 (MiKTeX 25.12)
2026-08-01 14:56:48,740+0700 INFO  miktex - this process (16024) started by pdflatex in directory D:\MN\langgraph-memory-ai-empire with command line: miktex --enable-installer formats build pdflatex --engine pdftex
2026-08-01 14:56:48,743+0700 INFO  miktex - Building format 'pdflatex' with engine 'pdftex'...
2026-08-01 14:56:48,747+0700 INFO  miktex.core - start process: miktex-makefmt.exe --engine=pdftex --dest-name=pdflatex --no-dump pdflatex.ini --engine-option=-tcx=cp227.tcx --enable-installer --miktex-disable-maintenance --miktex-disable-diagnose
2026-08-01 14:57:06,428+0700 INFO  miktex - this process (16024) finishes with exit code 0
2026-08-01 14:59:18,752+0700 INFO  miktex - this is One MiKTeX Utility 1.11 (MiKTeX 25.12)
2026-08-01 14:59:18,753+0700 INFO  miktex - this process (6996) started by pdflatex in directory D:\MN\langgraph-memory-ai-empire with command line: miktex --enable-installer formats build pdflatex --engine pdftex
2026-08-01 14:59:18,756+0700 INFO  miktex - Building format 'pdflatex' with engine 'pdftex'...
2026-08-01 14:59:18,759+0700 INFO  miktex.core - start process: miktex-makefmt.exe --engine=pdftex --dest-name=pdflatex --no-dump pdflatex.ini --engine-option=-tcx=cp227.tcx --enable-installer --miktex-disable-maintenance --miktex-disable-diagnose
2026-08-01 14:59:34,157+0700 INFO  miktex - this process (6996) finishes with exit code 0
2026-08-02 14:15:27,582+0700 INFO  miktex - this is One MiKTeX Utility 1.11 (MiKTeX 25.12)
2026-08-02 14:15:27,584+0700 INFO  miktex - this process (18328) started by pdflatex in directory D:\MN\langgraph-memory-ai-empire with command line: miktex --enable-installer formats build pdflatex --engine pdftex
2026-08-02 14:15:27,588+0700 INFO  miktex - Building format 'pdflatex' with engine 'pdftex'...
2026-08-02 14:15:27,590+0700 INFO  miktex.core - start process: miktex-makefmt.exe --engine=pdftex --dest-name=pdflatex --no-dump pdflatex.ini --engine-option=-tcx=cp227.tcx --enable-installer --miktex-disable-maintenance --miktex-disable-diagnose
2026-08-02 14:15:41,515+0700 INFO  miktex - this process (18328) finishes with exit code 0
2026-08-02 14:18:45,933+0700 INFO  miktex - this is One MiKTeX Utility 1.11 (MiKTeX 25.12)
2026-08-02 14:18:45,933+0700 INFO  miktex - this process (7536) started by pdflatex in directory D:\MN\langgraph-memory-ai-empire with command line: miktex --enable-installer formats build pdflatex --engine pdftex
2026-08-02 14:18:45,935+0700 INFO  miktex - Building format 'pdflatex' with engine 'pdftex'...
2026-08-02 14:18:45,938+0700 INFO  miktex.core - start process: miktex-makefmt.exe --engine=pdftex --dest-name=pdflatex --no-dump pdflatex.ini --engine-option=-tcx=cp227.tcx --enable-installer --miktex-disable-maintenance --miktex-disable-diagnose
2026-08-02 14:18:56,770+0700 INFO  miktex - this process (7536) finishes with exit code 0
2026-08-02 14:19:47,266+0700 INFO  miktex - this is One MiKTeX Utility 1.11 (MiKTeX 25.12)
2026-08-02 14:19:47,267+0700 INFO  miktex - this process (11140) started by pdflatex in directory D:\MN\langgraph-memory-ai-empire with command line: miktex --enable-installer formats build pdflatex --engine pdftex
2026-08-02 14:19:47,269+0700 INFO  miktex - Building format 'pdflatex' with engine 'pdftex'...
2026-08-02 14:19:47,272+0700 INFO  miktex.core - start process: miktex-makefmt.exe --engine=pdftex --dest-name=pdflatex --no-dump pdflatex.ini --engine-option=-tcx=cp227.tcx --enable-installer --miktex-disable-maintenance --miktex-disable-diagnose
2026-08-02 14:19:58,005+0700 INFO  miktex - this process (11140) finishes with exit code 0
2026-08-02 14:20:48,687+0700 INFO  miktex - this is One MiKTeX Utility 1.11 (MiKTeX 25.12)
2026-08-02 14:20:48,687+0700 INFO  miktex - this process (18464) started by pdflatex in directory D:\MN\langgraph-memory-ai-empire with command line: miktex --enable-installer formats build pdflatex --engine pdftex
2026-08-02 14:20:48,690+0700 INFO  miktex - Building format 'pdflatex' with engine 'pdftex'...
2026-08-02 14:20:48,692+0700 INFO  miktex.core - start process: miktex-makefmt.exe --engine=pdftex --dest-name=pdflatex --no-dump pdflatex.ini --engine-option=-tcx=cp227.tcx --enable-installer --miktex-disable-maintenance --miktex-disable-diagnose
2026-08-02 14:21:00,715+0700 INFO  miktex - this process (18464) finishes with exit code 0
2026-08-02 14:21:56,537+0700 INFO  miktex - this is One MiKTeX Utility 1.11 (MiKTeX 25.12)
2026-08-02 14:21:56,538+0700 INFO  miktex - this process (7332) started by pdflatex in directory D:\MN\langgraph-memory-ai-empire with command line: miktex --enable-installer formats build pdflatex --engine pdftex
2026-08-02 14:21:56,541+0700 INFO  miktex - Building format 'pdflatex' with engine 'pdftex'...
2026-08-02 14:21:56,543+0700 INFO  miktex.core - start process: miktex-makefmt.exe --engine=pdftex --dest-name=pdflatex --no-dump pdflatex.ini --engine-option=-tcx=cp227.tcx --enable-installer --miktex-disable-maintenance --miktex-disable-diagnose
2026-08-02 14:22:09,861+0700 INFO  miktex - this process (7332) finishes with exit code 0
2026-08-02 14:23:08,284+0700 INFO  miktex - this is One MiKTeX Utility 1.11 (MiKTeX 25.12)
2026-08-02 14:23:08,284+0700 INFO  miktex - this process (19072) started by pdflatex in directory D:\MN\langgraph-memory-ai-empire with command line: miktex --enable-installer formats build pdflatex --engine pdftex
2026-08-02 14:23:08,287+0700 INFO  miktex - Building format 'pdflatex' with engine 'pdftex'...
2026-08-02 14:23:08,289+0700 INFO  miktex.core - start process: miktex-makefmt.exe --engine=pdftex --dest-name=pdflatex --no-dump pdflatex.ini --engine-option=-tcx=cp227.tcx --enable-installer --miktex-disable-maintenance --miktex-disable-diagnose
2026-08-02 14:23:21,258+0700 INFO  miktex - this process (19072) finishes with exit code 0
